year,gennme,prodnme,state,quarter,totalRXImputed
2015,Amphetamine Salt Combination,ADDERALL,CO,1,374
2015,Amphetamine Salt Combination,ADDERALL XR,CO,1,8535
2015,Amphetamine Salt Combination,AMPHETAMINE SALT COMBO,CO,1,5184
2015,Amphetamine Salt Combination,MIXED AMPHETAMINE SALTS,CO,1,80
2015,Dextroamphetamine Sulfate,DEXEDRINE SPANSULE,CO,1,10
2015,Dextroamphetamine Sulfate,DEXTROAMPHETAMINE SULFATE,CO,1,447
2015,Lisdexamfetamine Dimesylate,VYVANSE,CO,1,7608
2015,Methamphetamine Hydrochloride,METHAMPHETAMINE HCL,CO,1,17
2015,Amphetamine Salt Combination,ADDERALL,CO,2,286
2015,Amphetamine Salt Combination,ADDERALL XR,CO,2,8733
2015,Amphetamine Salt Combination,AMPHETAMINE SALT COMBO,CO,2,5464
2015,Amphetamine Salt Combination,MIXED AMPHETAMINE SALTS,CO,2,40
2015,Dextroamphetamine Sulfate,DEXEDRINE SPANSULE,CO,2,30
2015,Dextroamphetamine Sulfate,DEXTROAMPHETAMINE SULFATE,CO,2,407
2015,Dextroamphetamine Sulfate,ZENZEDI,CO,2,10
2015,Lisdexamfetamine Dimesylate,VYVANSE,CO,2,7665
2015,Methamphetamine Hydrochloride,METHAMPHETAMINE HCL,CO,2,14
2015,Amphetamine Salt Combination,ADDERALL,CO,3,215
2015,Amphetamine Salt Combination,ADDERALL XR,CO,3,8255
2015,Amphetamine Salt Combination,AMPHETAMINE SALT COMBO,CO,3,5616
2015,Amphetamine Salt Combination,MIXED AMPHETAMINE SALTS,CO,3,92
2015,Dextroamphetamine Sulfate,DEXEDRINE SPANSULE,CO,3,10
2015,Dextroamphetamine Sulfate,DEXTROAMPHETAMINE SULFATE,CO,3,363
2015,Dextroamphetamine Sulfate,ZENZEDI,CO,3,10
2015,Lisdexamfetamine Dimesylate,VYVANSE,CO,3,7194
2015,Methamphetamine Hydrochloride,METHAMPHETAMINE HCL,CO,3,10
2015,Amphetamine Salt Combination,ADDERALL,CO,4,212
2015,Amphetamine Salt Combination,ADDERALL XR,CO,4,9550
2015,Amphetamine Salt Combination,AMPHETAMINE SALT COMBO,CO,4,6287
2015,Amphetamine Salt Combination,MIXED AMPHETAMINE SALTS,CO,4,69
2015,Dextroamphetamine Sulfate,DEXEDRINE SPANSULE,CO,4,20
2015,Dextroamphetamine Sulfate,DEXTROAMPHETAMINE SULFATE,CO,4,440
2015,Lisdexamfetamine Dimesylate,VYVANSE,CO,4,8666
2015,Methamphetamine Hydrochloride,METHAMPHETAMINE HCL,CO,4,20
2015,Amphetamine Salt Combination,ADDERALL,FL,1,44
2015,Amphetamine Salt Combination,ADDERALL XR,FL,1,34767
2015,Amphetamine Salt Combination,AMPHETAMINE SALT COMBO,FL,1,20217
2015,Amphetamine Salt Combination,MIXED AMPHETAMINE SALTS,FL,1,577
2015,Dextroamphetamine Sulfate,DEXEDRINE SPANSULE,FL,1,10
2015,Dextroamphetamine Sulfate,DEXTROAMPHETAMINE SULFATE,FL,1,1087
2015,Dextroamphetamine Sulfate,PROCENTRA,FL,1,20
2015,Dextroamphetamine Sulfate,ZENZEDI,FL,1,10
2015,Lisdexamfetamine Dimesylate,VYVANSE,FL,1,57913
2015,Amphetamine Salt Combination,ADDERALL,FL,2,70
2015,Amphetamine Salt Combination,ADDERALL XR,FL,2,34954
2015,Amphetamine Salt Combination,AMPHETAMINE SALT COMBO,FL,2,20643
2015,Amphetamine Salt Combination,MIXED AMPHETAMINE SALTS,FL,2,437
2015,Dextroamphetamine Sulfate,DEXEDRINE SPANSULE,FL,2,10
2015,Dextroamphetamine Sulfate,DEXTROAMPHETAMINE SULFATE,FL,2,1110
2015,Dextroamphetamine Sulfate,PROCENTRA,FL,2,20
2015,Dextroamphetamine Sulfate,ZENZEDI,FL,2,40
2015,Lisdexamfetamine Dimesylate,VYVANSE,FL,2,60571
2015,Methamphetamine Hydrochloride,METHAMPHETAMINE HCL,FL,2,10
2015,Amphetamine Salt Combination,ADDERALL,FL,3,30
2015,Amphetamine Salt Combination,ADDERALL XR,FL,3,31485
2015,Amphetamine Salt Combination,AMPHETAMINE SALT COMBO,FL,3,21510
2015,Amphetamine Salt Combination,MIXED AMPHETAMINE SALTS,FL,3,673
2015,Dextroamphetamine Sulfate,DEXEDRINE SPANSULE,FL,3,20
2015,Dextroamphetamine Sulfate,DEXTROAMPHETAMINE SULFATE,FL,3,1023
2015,Dextroamphetamine Sulfate,PROCENTRA,FL,3,10
2015,Dextroamphetamine Sulfate,ZENZEDI,FL,3,30
2015,Lisdexamfetamine Dimesylate,VYVANSE,FL,3,56535
2015,Amphetamine Salt Combination,ADDERALL,FL,4,54
2015,Amphetamine Salt Combination,ADDERALL XR,FL,4,30819
2015,Amphetamine Salt Combination,AMPHETAMINE SALT COMBO,FL,4,22666
2015,Amphetamine Salt Combination,MIXED AMPHETAMINE SALTS,FL,4,1356
2015,Dextroamphetamine Sulfate,DEXEDRINE SPANSULE,FL,4,30
2015,Dextroamphetamine Sulfate,DEXTROAMPHETAMINE SULFATE,FL,4,1002
2015,Dextroamphetamine Sulfate,PROCENTRA,FL,4,10
2015,Dextroamphetamine Sulfate,ZENZEDI,FL,4,50
2015,Lisdexamfetamine Dimesylate,VYVANSE,FL,4,65205
2015,Amphetamine Salt Combination,ADDERALL,MS,1,40
2015,Amphetamine Salt Combination,ADDERALL XR,MS,1,9975
2015,Amphetamine Salt Combination,AMPHETAMINE SALT COMBO,MS,1,4036
2015,Amphetamine Salt Combination,MIXED AMPHETAMINE SALTS,MS,1,50
2015,Dextroamphetamine Sulfate,DEXTROAMPHETAMINE SULFATE,MS,1,355
2015,Dextroamphetamine Sulfate,PROCENTRA,MS,1,488
2015,Lisdexamfetamine Dimesylate,VYVANSE,MS,1,22498
2015,Methamphetamine Hydrochloride,METHAMPHETAMINE HCL,MS,1,10
2015,Amphetamine Salt Combination,ADDERALL,MS,2,50
2015,Amphetamine Salt Combination,ADDERALL XR,MS,2,9076
2015,Amphetamine Salt Combination,AMPHETAMINE SALT COMBO,MS,2,3653
2015,Amphetamine Salt Combination,MIXED AMPHETAMINE SALTS,MS,2,60
2015,Dextroamphetamine Sulfate,DEXTROAMPHETAMINE SULFATE,MS,2,324
2015,Dextroamphetamine Sulfate,PROCENTRA,MS,2,456
2015,Dextroamphetamine Sulfate,ZENZEDI,MS,2,10
2015,Lisdexamfetamine Dimesylate,VYVANSE,MS,2,20394
2015,Methamphetamine Hydrochloride,METHAMPHETAMINE HCL,MS,2,10
2015,Amphetamine Salt Combination,ADDERALL,MS,3,50
2015,Amphetamine Salt Combination,ADDERALL XR,MS,3,9057
2015,Amphetamine Salt Combination,AMPHETAMINE SALT COMBO,MS,3,3816
2015,Amphetamine Salt Combination,MIXED AMPHETAMINE SALTS,MS,3,99
2015,Dextroamphetamine Sulfate,DEXTROAMPHETAMINE SULFATE,MS,3,349
2015,Dextroamphetamine Sulfate,PROCENTRA,MS,3,511
2015,Dextroamphetamine Sulfate,ZENZEDI,MS,3,10
2015,Lisdexamfetamine Dimesylate,VYVANSE,MS,3,21219
2015,Methamphetamine Hydrochloride,METHAMPHETAMINE HCL,MS,3,20
2015,Amphetamine Salt Combination,ADDERALL,MS,4,50
2015,Amphetamine Salt Combination,ADDERALL XR,MS,4,9381
2015,Amphetamine Salt Combination,AMPHETAMINE SALT COMBO,MS,4,4227
2015,Amphetamine Salt Combination,MIXED AMPHETAMINE SALTS,MS,4,90
2015,Dextroamphetamine Sulfate,DEXTROAMPHETAMINE SULFATE,MS,4,352
2015,Dextroamphetamine Sulfate,PROCENTRA,MS,4,708
2015,Lisdexamfetamine Dimesylate,VYVANSE,MS,4,23237
2015,Methamphetamine Hydrochloride,METHAMPHETAMINE HCL,MS,4,20
2015,Amphetamine Salt Combination,ADDERALL,SC,1,70
2015,Amphetamine Salt Combination,ADDERALL XR,SC,1,2622
2015,Amphetamine Salt Combination,AMPHETAMINE SALT COMBO,SC,1,13203
2015,Amphetamine Salt Combination,MIXED AMPHETAMINE SALTS,SC,1,6471
2015,Dextroamphetamine Sulfate,DEXEDRINE SPANSULE,SC,1,20
2015,Dextroamphetamine Sulfate,DEXTROAMPHETAMINE SULFATE,SC,1,665
2015,Dextroamphetamine Sulfate,PROCENTRA,SC,1,20
2015,Dextroamphetamine Sulfate,ZENZEDI,SC,1,10
2015,Lisdexamfetamine Dimesylate,VYVANSE,SC,1,21318
2015,Amphetamine Salt Combination,ADDERALL,SC,2,50
2015,Amphetamine Salt Combination,ADDERALL XR,SC,2,2614
2015,Amphetamine Salt Combination,AMPHETAMINE SALT COMBO,SC,2,12855
2015,Amphetamine Salt Combination,MIXED AMPHETAMINE SALTS,SC,2,6255
2015,Dextroamphetamine Sulfate,DEXEDRINE SPANSULE,SC,2,10
2015,Dextroamphetamine Sulfate,DEXTROAMPHETAMINE SULFATE,SC,2,634
2015,Dextroamphetamine Sulfate,PROCENTRA,SC,2,10
2015,Dextroamphetamine Sulfate,ZENZEDI,SC,2,30
2015,Lisdexamfetamine Dimesylate,VYVANSE,SC,2,21883
2015,Amphetamine Salt Combination,ADDERALL,SC,3,30
2015,Amphetamine Salt Combination,ADDERALL XR,SC,3,2039
2015,Amphetamine Salt Combination,AMPHETAMINE SALT COMBO,SC,3,13094
2015,Amphetamine Salt Combination,MIXED AMPHETAMINE SALTS,SC,3,5752
2015,Dextroamphetamine Sulfate,DEXEDRINE SPANSULE,SC,3,10
2015,Dextroamphetamine Sulfate,DEXTROAMPHETAMINE SULFATE,SC,3,603
2015,Dextroamphetamine Sulfate,PROCENTRA,SC,3,10
2015,Dextroamphetamine Sulfate,ZENZEDI,SC,3,10
2015,Lisdexamfetamine Dimesylate,VYVANSE,SC,3,20298
2015,Amphetamine Salt Combination,ADDERALL,SC,4,20
2015,Amphetamine Salt Combination,ADDERALL XR,SC,4,2652
2015,Amphetamine Salt Combination,AMPHETAMINE SALT COMBO,SC,4,11514
2015,Amphetamine Salt Combination,MIXED AMPHETAMINE SALTS,SC,4,5197
2015,Dextroamphetamine Sulfate,DEXEDRINE SPANSULE,SC,4,10
2015,Dextroamphetamine Sulfate,DEXTROAMPHETAMINE SULFATE,SC,4,701
2015,Dextroamphetamine Sulfate,PROCENTRA,SC,4,10
2015,Dextroamphetamine Sulfate,ZENZEDI,SC,4,10
2015,Lisdexamfetamine Dimesylate,VYVANSE,SC,4,18118
2015,Amphetamine Salt Combination,ADDERALL,TN,1,20
2015,Amphetamine Salt Combination,ADDERALL XR,TN,1,23084
2015,Amphetamine Salt Combination,AMPHETAMINE SALT COMBO,TN,1,10411
2015,Amphetamine Salt Combination,MIXED AMPHETAMINE SALTS,TN,1,20
2015,Dextroamphetamine Sulfate,DEXTROAMPHETAMINE SULFATE,TN,1,829
2015,Dextroamphetamine Sulfate,PROCENTRA,TN,1,120
2015,Lisdexamfetamine Dimesylate,VYVANSE,TN,1,31443
2015,Methamphetamine Hydrochloride,METHAMPHETAMINE HCL,TN,1,10
2015,Amphetamine Salt Combination,ADDERALL,TN,2,10
2015,Amphetamine Salt Combination,ADDERALL XR,TN,2,23277
2015,Amphetamine Salt Combination,AMPHETAMINE SALT COMBO,TN,2,10776
2015,Amphetamine Salt Combination,MIXED AMPHETAMINE SALTS,TN,2,10
2015,Dextroamphetamine Sulfate,DEXTROAMPHETAMINE SULFATE,TN,2,929
2015,Dextroamphetamine Sulfate,PROCENTRA,TN,2,57
2015,Lisdexamfetamine Dimesylate,VYVANSE,TN,2,32255
2015,Methamphetamine Hydrochloride,METHAMPHETAMINE HCL,TN,2,10
2015,Amphetamine Salt Combination,ADDERALL XR,TN,3,20299
2015,Amphetamine Salt Combination,AMPHETAMINE SALT COMBO,TN,3,8649
2015,Amphetamine Salt Combination,MIXED AMPHETAMINE SALTS,TN,3,10
2015,Dextroamphetamine Sulfate,DEXTROAMPHETAMINE SULFATE,TN,3,862
2015,Dextroamphetamine Sulfate,PROCENTRA,TN,3,58
2015,Dextroamphetamine Sulfate,ZENZEDI,TN,3,20
2015,Lisdexamfetamine Dimesylate,VYVANSE,TN,3,28769
2015,Methamphetamine Hydrochloride,METHAMPHETAMINE HCL,TN,3,10
2015,Amphetamine Salt Combination,ADDERALL,TN,4,40
2015,Amphetamine Salt Combination,ADDERALL XR,TN,4,22673
2015,Amphetamine Salt Combination,AMPHETAMINE SALT COMBO,TN,4,7545
2015,Dextroamphetamine Sulfate,DEXTROAMPHETAMINE SULFATE,TN,4,490
2015,Dextroamphetamine Sulfate,PROCENTRA,TN,4,406
2015,Dextroamphetamine Sulfate,ZENZEDI,TN,4,20
2015,Lisdexamfetamine Dimesylate,VYVANSE,TN,4,33487
2015,Methamphetamine Hydrochloride,METHAMPHETAMINE HCL,TN,4,10
2016,Amphetamine Salt Combination,ADDERALL,CO,1,218
2016,Amphetamine Salt Combination,ADDERALL XR,CO,1,9795
2016,Amphetamine Salt Combination,AMPHETAMINE SALT COMBO,CO,1,6481
2016,Amphetamine Salt Combination,MIXED AMPHETAMINE SALTS,CO,1,117
2016,Dextroamphetamine Sulfate,DEXEDRINE SPANSULE,CO,1,10
2016,Dextroamphetamine Sulfate,DEXTROAMPHETAMINE SULFATE,CO,1,481
2016,Dextroamphetamine Sulfate,ZENZEDI,CO,1,10
2016,Lisdexamfetamine Dimesylate,VYVANSE,CO,1,8733
2016,Methamphetamine Hydrochloride,METHAMPHETAMINE HCL,CO,1,20
2016,Amphetamine,ADZENYS XR ODT,CO,2,10
2016,Amphetamine Salt Combination,ADDERALL,CO,2,185
2016,Amphetamine Salt Combination,ADDERALL XR,CO,2,10093
2016,Amphetamine Salt Combination,AMPHETAMINE SALT COMBO,CO,2,7069
2016,Amphetamine Salt Combination,MIXED AMPHETAMINE SALTS,CO,2,119
2016,Dextroamphetamine Sulfate,DEXTROAMPHETAMINE SULFATE,CO,2,513
2016,Dextroamphetamine Sulfate,ZENZEDI,CO,2,10
2016,Lisdexamfetamine Dimesylate,VYVANSE,CO,2,8797
2016,Methamphetamine Hydrochloride,METHAMPHETAMINE HCL,CO,2,30
2016,Amphetamine,ADZENYS XR ODT,CO,3,20
2016,Amphetamine Salt Combination,ADDERALL,CO,3,202
2016,Amphetamine Salt Combination,ADDERALL XR,CO,3,9842
2016,Amphetamine Salt Combination,AMPHETAMINE SALT COMBO,CO,3,7402
2016,Amphetamine Salt Combination,DEXTROAMPH SACC-AMPH ASP-DEXTROAM SULF-AMPHET SULF,CO,3,10
2016,Amphetamine Salt Combination,MIXED AMPHETAMINE SALTS,CO,3,122
2016,Dextroamphetamine Sulfate,DEXTROAMPHETAMINE SULFATE,CO,3,518
2016,Dextroamphetamine Sulfate,ZENZEDI,CO,3,10
2016,Lisdexamfetamine Dimesylate,VYVANSE,CO,3,8451
2016,Methamphetamine Hydrochloride,METHAMPHETAMINE HCL,CO,3,20
2016,Amphetamine,ADZENYS XR ODT,CO,4,40
2016,Amphetamine Salt Combination,ADDERALL,CO,4,210
2016,Amphetamine Salt Combination,ADDERALL XR,CO,4,10729
2016,Amphetamine Salt Combination,AMPHETAMINE SALT COMBO,CO,4,8255
2016,Amphetamine Salt Combination,DEXTROAMPH SACC-AMPH ASP-DEXTROAM SULF-AMPHET SULF,CO,4,30
2016,Amphetamine Salt Combination,MIXED AMPHETAMINE SALT,CO,4,30
2016,Amphetamine Salt Combination,MIXED AMPHETAMINE SALTS,CO,4,105
2016,Dextroamphetamine Sulfate,DEXEDRINE SPANSULE,CO,4,10
2016,Dextroamphetamine Sulfate,DEXTROAMPHETAMINE SULFATE,CO,4,500
2016,Dextroamphetamine Sulfate,ZENZEDI,CO,4,10
2016,Lisdexamfetamine Dimesylate,VYVANSE,CO,4,9487
2016,Methamphetamine Hydrochloride,METHAMPHETAMINE HCL,CO,4,30
2016,Amphetamine Salt Combination,ADDERALL,FL,1,30
2016,Amphetamine Salt Combination,ADDERALL XR,FL,1,32819
2016,Amphetamine Salt Combination,AMPHETAMINE SALT COMBO,FL,1,20999
2016,Amphetamine Salt Combination,MIXED AMPHETAMINE SALTS,FL,1,572
2016,Dextroamphetamine Sulfate,DEXEDRINE SPANSULE,FL,1,30
2016,Dextroamphetamine Sulfate,DEXTROAMPHETAMINE SULFATE,FL,1,957
2016,Dextroamphetamine Sulfate,PROCENTRA,FL,1,10
2016,Dextroamphetamine Sulfate,ZENZEDI,FL,1,30
2016,Lisdexamfetamine Dimesylate,VYVANSE,FL,1,62404
2016,Methamphetamine Hydrochloride,METHAMPHETAMINE HCL,FL,1,10
2016,Amphetamine,ADZENYS XR ODT,FL,2,10
2016,Amphetamine Salt Combination,ADDERALL,FL,2,48
2016,Amphetamine Salt Combination,ADDERALL XR,FL,2,36346
2016,Amphetamine Salt Combination,AMPHETAMINE SALT COMBO,FL,2,25665
2016,Amphetamine Salt Combination,DEXTROAMPH SACC-AMPH ASP-DEXTROAM SULF-AMPHET SULF,FL,2,22
2016,Amphetamine Salt Combination,MIXED AMPHETAMINE SALTS,FL,2,283
2016,Dextroamphetamine Sulfate,DEXEDRINE SPANSULE,FL,2,20
2016,Dextroamphetamine Sulfate,DEXTROAMPHETAMINE SULFATE,FL,2,1011
2016,Dextroamphetamine Sulfate,PROCENTRA,FL,2,10
2016,Dextroamphetamine Sulfate,ZENZEDI,FL,2,30
2016,Lisdexamfetamine Dimesylate,VYVANSE,FL,2,66069
2016,Amphetamine,ADZENYS XR ODT,FL,3,50
2016,Amphetamine Salt Combination,ADDERALL,FL,3,63
2016,Amphetamine Salt Combination,ADDERALL XR,FL,3,30946
2016,Amphetamine Salt Combination,AMPHETAMINE SALT COMBO,FL,3,23705
2016,Amphetamine Salt Combination,DEXTROAMPH SACC-AMPH ASP-DEXTROAM SULF-AMPHET SULF,FL,3,46
2016,Amphetamine Salt Combination,MIXED AMPHETAMINE SALT,FL,3,30
2016,Amphetamine Salt Combination,MIXED AMPHETAMINE SALTS,FL,3,223
2016,Dextroamphetamine Sulfate,DEXEDRINE SPANSULE,FL,3,20
2016,Dextroamphetamine Sulfate,DEXTROAMPHETAMINE SULFATE,FL,3,862
2016,Dextroamphetamine Sulfate,PROCENTRA,FL,3,10
2016,Dextroamphetamine Sulfate,ZENZEDI,FL,3,20
2016,Lisdexamfetamine Dimesylate,VYVANSE,FL,3,56095
2016,Amphetamine,ADZENYS XR ODT,FL,4,80
2016,Amphetamine Salt Combination,ADDERALL,FL,4,68
2016,Amphetamine Salt Combination,ADDERALL XR,FL,4,36830
2016,Amphetamine Salt Combination,AMPHETAMINE SALT COMBO,FL,4,27879
2016,Amphetamine Salt Combination,DEXTROAMPH SACC-AMPH ASP-DEXTROAM SULF-AMPHET SULF,FL,4,41
2016,Amphetamine Salt Combination,MIXED AMPHETAMINE SALT,FL,4,129
2016,Amphetamine Salt Combination,MIXED AMPHETAMINE SALTS,FL,4,146
2016,Dextroamphetamine Sulfate,DEXEDRINE SPANSULE,FL,4,20
2016,Dextroamphetamine Sulfate,DEXTROAMPHETAMINE SULFATE,FL,4,975
2016,Dextroamphetamine Sulfate,PROCENTRA,FL,4,10
2016,Dextroamphetamine Sulfate,ZENZEDI,FL,4,30
2016,Lisdexamfetamine Dimesylate,VYVANSE,FL,4,68201
2016,Amphetamine Salt Combination,ADDERALL,MS,1,20
2016,Amphetamine Salt Combination,ADDERALL XR,MS,1,9319
2016,Amphetamine Salt Combination,AMPHETAMINE SALT COMBO,MS,1,4305
2016,Amphetamine Salt Combination,MIXED AMPHETAMINE SALTS,MS,1,100
2016,Dextroamphetamine Sulfate,DEXTROAMPHETAMINE SULFATE,MS,1,325
2016,Dextroamphetamine Sulfate,PROCENTRA,MS,1,752
2016,Dextroamphetamine Sulfate,ZENZEDI,MS,1,10
2016,Lisdexamfetamine Dimesylate,VYVANSE,MS,1,24261
2016,Methamphetamine Hydrochloride,METHAMPHETAMINE HCL,MS,1,10
2016,Amphetamine Salt Combination,ADDERALL,MS,2,30
2016,Amphetamine Salt Combination,ADDERALL XR,MS,2,8782
2016,Amphetamine Salt Combination,AMPHETAMINE SALT COMBO,MS,2,4141
2016,Amphetamine Salt Combination,DEXTROAMPH SACC-AMPH ASP-DEXTROAM SULF-AMPHET SULF,MS,2,20
2016,Amphetamine Salt Combination,MIXED AMPHETAMINE SALTS,MS,2,99
2016,Dextroamphetamine Sulfate,DEXTROAMPHETAMINE SULFATE,MS,2,359
2016,Dextroamphetamine Sulfate,PROCENTRA,MS,2,687
2016,Dextroamphetamine Sulfate,ZENZEDI,MS,2,30
2016,Lisdexamfetamine Dimesylate,VYVANSE,MS,2,23112
2016,Methamphetamine Hydrochloride,METHAMPHETAMINE HCL,MS,2,20
2016,Amphetamine,ADZENYS XR ODT,MS,3,70
2016,Amphetamine Salt Combination,ADDERALL,MS,3,20
2016,Amphetamine Salt Combination,ADDERALL XR,MS,3,8688
2016,Amphetamine Salt Combination,AMPHETAMINE SALT COMBO,MS,3,4430
2016,Amphetamine Salt Combination,DEXTROAMPH SACC-AMPH ASP-DEXTROAM SULF-AMPHET SULF,MS,3,36
2016,Amphetamine Salt Combination,MIXED AMPHETAMINE SALTS,MS,3,94
2016,Dextroamphetamine Sulfate,DEXTROAMPHETAMINE SULFATE,MS,3,295
2016,Dextroamphetamine Sulfate,PROCENTRA,MS,3,668
2016,Dextroamphetamine Sulfate,ZENZEDI,MS,3,40
2016,Lisdexamfetamine Dimesylate,VYVANSE,MS,3,22874
2016,Methamphetamine Hydrochloride,METHAMPHETAMINE HCL,MS,3,20
2016,Amphetamine,ADZENYS XR ODT,MS,4,90
2016,Amphetamine Salt Combination,ADDERALL,MS,4,30
2016,Amphetamine Salt Combination,ADDERALL XR,MS,4,10062
2016,Amphetamine Salt Combination,AMPHETAMINE SALT COMBO,MS,4,5567
2016,Amphetamine Salt Combination,DEXTROAMPH SACC-AMPH ASP-DEXTROAM SULF-AMPHET SULF,MS,4,37
2016,Amphetamine Salt Combination,MIXED AMPHETAMINE SALT,MS,4,20
2016,Amphetamine Salt Combination,MIXED AMPHETAMINE SALTS,MS,4,74
2016,Dextroamphetamine Sulfate,DEXTROAMPHETAMINE SULFATE,MS,4,356
2016,Dextroamphetamine Sulfate,PROCENTRA,MS,4,925
2016,Dextroamphetamine Sulfate,ZENZEDI,MS,4,30
2016,Lisdexamfetamine Dimesylate,VYVANSE,MS,4,27787
2016,Methamphetamine Hydrochloride,METHAMPHETAMINE HCL,MS,4,10
2016,Amphetamine Salt Combination,ADDERALL,SC,1,30
2016,Amphetamine Salt Combination,ADDERALL XR,SC,1,2180
2016,Amphetamine Salt Combination,AMPHETAMINE SALT COMBO,SC,1,11385
2016,Amphetamine Salt Combination,DEXTROAMPH SACC-AMPH ASP-DEXTROAM SULF-AMPHET SULF,SC,1,20
2016,Amphetamine Salt Combination,MIXED AMPHETAMINE SALTS,SC,1,4899
2016,Dextroamphetamine Sulfate,DEXTROAMPHETAMINE SULFATE,SC,1,706
2016,Dextroamphetamine Sulfate,PROCENTRA,SC,1,10
2016,Dextroamphetamine Sulfate,ZENZEDI,SC,1,20
2016,Lisdexamfetamine Dimesylate,VYVANSE,SC,1,21646
2016,Amphetamine Salt Combination,ADDERALL,SC,2,40
2016,Amphetamine Salt Combination,ADDERALL XR,SC,2,2130
2016,Amphetamine Salt Combination,AMPHETAMINE SALT COMBO,SC,2,8287
2016,Amphetamine Salt Combination,DEXTROAMPH SACC-AMPH ASP-DEXTROAM SULF-AMPHET SULF,SC,2,83
2016,Amphetamine Salt Combination,MIXED AMPHETAMINE SALTS,SC,2,5426
2016,Dextroamphetamine Sulfate,DEXTROAMPHETAMINE SULFATE,SC,2,818
2016,Dextroamphetamine Sulfate,PROCENTRA,SC,2,10
2016,Dextroamphetamine Sulfate,ZENZEDI,SC,2,20
2016,Lisdexamfetamine Dimesylate,VYVANSE,SC,2,20538
2016,Amphetamine,ADZENYS XR ODT,SC,3,50
2016,Amphetamine Salt Combination,ADDERALL,SC,3,40
2016,Amphetamine Salt Combination,ADDERALL XR,SC,3,1991
2016,Amphetamine Salt Combination,AMPHETAMINE SALT COMBO,SC,3,7886
2016,Amphetamine Salt Combination,DEXTROAMPH SACC-AMPH ASP-DEXTROAM SULF-AMPHET SULF,SC,3,738
2016,Amphetamine Salt Combination,MIXED AMPHETAMINE SALT,SC,3,10
2016,Amphetamine Salt Combination,MIXED AMPHETAMINE SALTS,SC,3,6260
2016,Dextroamphetamine Sulfate,DEXTROAMPHETAMINE SULFATE,SC,3,760
2016,Dextroamphetamine Sulfate,ZENZEDI,SC,3,20
2016,Lisdexamfetamine Dimesylate,VYVANSE,SC,3,19339
2016,Amphetamine,ADZENYS XR ODT,SC,4,90
2016,Amphetamine Salt Combination,ADDERALL,SC,4,30
2016,Amphetamine Salt Combination,ADDERALL XR,SC,4,2035
2016,Amphetamine Salt Combination,AMPHETAMINE SALT COMBO,SC,4,8908
2016,Amphetamine Salt Combination,DEXTROAMPH SACC-AMPH ASP-DEXTROAM SULF-AMPHET SULF,SC,4,902
2016,Amphetamine Salt Combination,MIXED AMPHETAMINE SALT,SC,4,800
2016,Amphetamine Salt Combination,MIXED AMPHETAMINE SALTS,SC,4,6150
2016,Dextroamphetamine Sulfate,DEXTROAMPHETAMINE SULFATE,SC,4,803
2016,Dextroamphetamine Sulfate,PROCENTRA,SC,4,10
2016,Dextroamphetamine Sulfate,ZENZEDI,SC,4,20
2016,Lisdexamfetamine Dimesylate,VYVANSE,SC,4,21695
2016,Amphetamine Salt Combination,ADDERALL,TN,1,30
2016,Amphetamine Salt Combination,ADDERALL XR,TN,1,22015
2016,Amphetamine Salt Combination,AMPHETAMINE SALT COMBO,TN,1,7813
2016,Dextroamphetamine Sulfate,DEXTROAMPHETAMINE SULFATE,TN,1,395
2016,Dextroamphetamine Sulfate,PROCENTRA,TN,1,509
2016,Dextroamphetamine Sulfate,ZENZEDI,TN,1,10
2016,Lisdexamfetamine Dimesylate,VYVANSE,TN,1,33243
2016,Amphetamine Salt Combination,ADDERALL,TN,2,30
2016,Amphetamine Salt Combination,ADDERALL XR,TN,2,21424
2016,Amphetamine Salt Combination,AMPHETAMINE SALT COMBO,TN,2,7691
2016,Amphetamine Salt Combination,DEXTROAMPH SACC-AMPH ASP-DEXTROAM SULF-AMPHET SULF,TN,2,10
2016,Dextroamphetamine Sulfate,DEXTROAMPHETAMINE SULFATE,TN,2,414
2016,Dextroamphetamine Sulfate,PROCENTRA,TN,2,460
2016,Dextroamphetamine Sulfate,ZENZEDI,TN,2,10
2016,Lisdexamfetamine Dimesylate,VYVANSE,TN,2,32965
2016,Amphetamine,ADZENYS XR ODT,TN,3,60
2016,Amphetamine Salt Combination,ADDERALL,TN,3,20
2016,Amphetamine Salt Combination,ADDERALL XR,TN,3,21954
2016,Amphetamine Salt Combination,AMPHETAMINE SALT COMBO,TN,3,7844
2016,Amphetamine Salt Combination,DEXTROAMPH SACC-AMPH ASP-DEXTROAM SULF-AMPHET SULF,TN,3,10
2016,Dextroamphetamine Sulfate,DEXTROAMPHETAMINE SULFATE,TN,3,411
2016,Dextroamphetamine Sulfate,PROCENTRA,TN,3,502
2016,Dextroamphetamine Sulfate,ZENZEDI,TN,3,20
2016,Lisdexamfetamine Dimesylate,VYVANSE,TN,3,33745
2016,Amphetamine,ADZENYS XR ODT,TN,4,134
2016,Amphetamine Salt Combination,ADDERALL,TN,4,40
2016,Amphetamine Salt Combination,ADDERALL XR,TN,4,21400
2016,Amphetamine Salt Combination,AMPHETAMINE SALT COMBO,TN,4,7813
2016,Amphetamine Salt Combination,DEXTROAMPH SACC-AMPH ASP-DEXTROAM SULF-AMPHET SULF,TN,4,17
2016,Dextroamphetamine Sulfate,DEXTROAMPHETAMINE SULFATE,TN,4,382
2016,Dextroamphetamine Sulfate,PROCENTRA,TN,4,532
2016,Dextroamphetamine Sulfate,ZENZEDI,TN,4,20
2016,Lisdexamfetamine Dimesylate,VYVANSE,TN,4,34141
2017,Amphetamine,ADZENYS XR ODT,CO,1,40
2017,Amphetamine Salt Combination,ADDERALL,CO,1,157
2017,Amphetamine Salt Combination,ADDERALL XR,CO,1,10547
2017,Amphetamine Salt Combination,AMPHETAMINE SALT COMBO,CO,1,8041
2017,Amphetamine Salt Combination,DEXTROAMPH SACC-AMPH ASP-DEXTROAM SULF-AMPHET SULF,CO,1,40
2017,Amphetamine Salt Combination,MIXED AMPHETAMINE SALT,CO,1,40
2017,Amphetamine Salt Combination,MIXED AMPHETAMINE SALTS,CO,1,182
2017,Dextroamphetamine Sulfate,DEXEDRINE SPANSULE,CO,1,10
2017,Dextroamphetamine Sulfate,DEXTROAMPHETAMINE SULFATE,CO,1,533
2017,Dextroamphetamine Sulfate,ZENZEDI,CO,1,10
2017,Lisdexamfetamine Dimesylate,VYVANSE,CO,1,9374
2017,Methamphetamine Hydrochloride,METHAMPHETAMINE HCL,CO,1,20
2017,Amphetamine,ADZENYS XR ODT,CO,2,50
2017,Amphetamine Salt Combination,ADDERALL,CO,2,78
2017,Amphetamine Salt Combination,ADDERALL XR,CO,2,10986
2017,Amphetamine Salt Combination,AMPHETAMINE SALT COMBO,CO,2,9959
2017,Amphetamine Salt Combination,DEXTROAMPH SACC-AMPH ASP-DEXTROAM SULF-AMPHET SULF,CO,2,30
2017,Amphetamine Salt Combination,MIXED AMPHETAMINE SALT,CO,2,40
2017,Amphetamine Salt Combination,MIXED AMPHETAMINE SALTS,CO,2,292
2017,Dextroamphetamine Sulfate,DEXEDRINE SPANSULE,CO,2,10
2017,Dextroamphetamine Sulfate,DEXTROAMPHETAMINE SULFATE,CO,2,577
2017,Dextroamphetamine Sulfate,ZENZEDI,CO,2,20
2017,Lisdexamfetamine Dimesylate,VYVANSE,CO,2,9539
2017,Methamphetamine Hydrochloride,METHAMPHETAMINE HCL,CO,2,39
2017,Amphetamine,ADZENYS XR ODT,CO,3,60
2017,Amphetamine Salt Combination,ADDERALL,CO,3,73
2017,Amphetamine Salt Combination,ADDERALL XR,CO,3,10489
2017,Amphetamine Salt Combination,AMPHETAMINE SALT COMBO,CO,3,10643
2017,Amphetamine Salt Combination,DEXTROAMPH SACC-AMPH ASP-DEXTROAM SULF-AMPHET SULF,CO,3,30
2017,Amphetamine Salt Combination,MIXED AMPHETAMINE SALT,CO,3,71
2017,Amphetamine Salt Combination,MIXED AMPHETAMINE SALTS,CO,3,326
2017,Dextroamphetamine Sulfate,DEXEDRINE SPANSULE,CO,3,10
2017,Dextroamphetamine Sulfate,DEXTROAMPHETAMINE SULFATE,CO,3,479
2017,Dextroamphetamine Sulfate,ZENZEDI,CO,3,20
2017,Lisdexamfetamine Dimesylate,VYVANSE,CO,3,9159
2017,Methamphetamine Hydrochloride,METHAMPHETAMINE HCL,CO,3,27
2017,Amphetamine,ADZENYS XR ODT,CO,4,60
2017,Amphetamine Salt Combination,ADDERALL,CO,4,74
2017,Amphetamine Salt Combination,ADDERALL XR,CO,4,1309
2017,Amphetamine Salt Combination,AMPHETAMINE SALT COMBO,CO,4,11334
2017,Amphetamine Salt Combination,DEXTROAMPH SACC-AMPH ASP-DEXTROAM SULF-AMPHET SULF,CO,4,578
2017,Amphetamine Salt Combination,MIXED AMPHETAMINE SALT,CO,4,831
2017,Amphetamine Salt Combination,MIXED AMPHETAMINE SALTS,CO,4,5797
2017,Amphetamine Salt Combination,MYDAYIS,CO,4,10
2017,Dextroamphetamine Sulfate,DEXEDRINE SPANSULE,CO,4,20
2017,Dextroamphetamine Sulfate,DEXTROAMPHETAMINE SULFATE,CO,4,442
2017,Dextroamphetamine Sulfate,ZENZEDI,CO,4,20
2017,Lisdexamfetamine Dimesylate,VYVANSE,CO,4,9530
2017,Methamphetamine Hydrochloride,METHAMPHETAMINE HCL,CO,4,22
2017,Amphetamine,ADZENYS XR ODT,FL,1,60
2017,Amphetamine Salt Combination,ADDERALL,FL,1,64
2017,Amphetamine Salt Combination,ADDERALL XR,FL,1,33548
2017,Amphetamine Salt Combination,AMPHETAMINE SALT COMBO,FL,1,24710
2017,Amphetamine Salt Combination,DEXTROAMPH SACC-AMPH ASP-DEXTROAM SULF-AMPHET SULF,FL,1,42
2017,Amphetamine Salt Combination,MIXED AMPHETAMINE SALT,FL,1,207
2017,Amphetamine Salt Combination,MIXED AMPHETAMINE SALTS,FL,1,130
2017,Dextroamphetamine Sulfate,DEXEDRINE SPANSULE,FL,1,20
2017,Dextroamphetamine Sulfate,DEXTROAMPHETAMINE SULFATE,FL,1,975
2017,Dextroamphetamine Sulfate,PROCENTRA,FL,1,10
2017,Dextroamphetamine Sulfate,ZENZEDI,FL,1,40
2017,Lisdexamfetamine Dimesylate,VYVANSE,FL,1,61452
2017,Amphetamine,ADZENYS XR ODT,FL,2,85
2017,Amphetamine Salt Combination,ADDERALL,FL,2,50
2017,Amphetamine Salt Combination,ADDERALL XR,FL,2,40044
2017,Amphetamine Salt Combination,AMPHETAMINE SALT COMBO,FL,2,27452
2017,Amphetamine Salt Combination,DEXTROAMPH SACC-AMPH ASP-DEXTROAM SULF-AMPHET SULF,FL,2,51
2017,Amphetamine Salt Combination,MIXED AMPHETAMINE SALT,FL,2,185
2017,Amphetamine Salt Combination,MIXED AMPHETAMINE SALTS,FL,2,195
2017,Dextroamphetamine Sulfate,DEXEDRINE SPANSULE,FL,2,20
2017,Dextroamphetamine Sulfate,DEXTROAMPHETAMINE SULFATE,FL,2,1054
2017,Dextroamphetamine Sulfate,PROCENTRA,FL,2,10
2017,Dextroamphetamine Sulfate,ZENZEDI,FL,2,30
2017,Lisdexamfetamine Dimesylate,VYVANSE,FL,2,71210
2017,Methamphetamine Hydrochloride,METHAMPHETAMINE HCL,FL,2,10
2017,Amphetamine,ADZENYS XR ODT,FL,3,80
2017,Amphetamine Salt Combination,ADDERALL,FL,3,44
2017,Amphetamine Salt Combination,ADDERALL XR,FL,3,29980
2017,Amphetamine Salt Combination,AMPHETAMINE SALT COMBO,FL,3,25037
2017,Amphetamine Salt Combination,DEXTROAMPH SACC-AMPH ASP-DEXTROAM SULF-AMPHET SULF,FL,3,50
2017,Amphetamine Salt Combination,MIXED AMPHETAMINE SALT,FL,3,145
2017,Amphetamine Salt Combination,MIXED AMPHETAMINE SALTS,FL,3,417
2017,Dextroamphetamine Sulfate,DEXEDRINE SPANSULE,FL,3,20
2017,Dextroamphetamine Sulfate,DEXTROAMPHETAMINE SULFATE,FL,3,836
2017,Dextroamphetamine Sulfate,PROCENTRA,FL,3,10
2017,Dextroamphetamine Sulfate,ZENZEDI,FL,3,50
2017,Lisdexamfetamine Dimesylate,VYVANSE,FL,3,55480
2017,Methamphetamine Hydrochloride,METHAMPHETAMINE HCL,FL,3,10
2017,Amphetamine,ADZENYS XR ODT,FL,4,105
2017,Amphetamine Salt Combination,ADDERALL,FL,4,40
2017,Amphetamine Salt Combination,ADDERALL XR,FL,4,32978
2017,Amphetamine Salt Combination,AMPHETAMINE SALT COMBO,FL,4,29200
2017,Amphetamine Salt Combination,DEXTROAMPH SACC-AMPH ASP-DEXTROAM SULF-AMPHET SULF,FL,4,55
2017,Amphetamine Salt Combination,MIXED AMPHETAMINE SALT,FL,4,137
2017,Amphetamine Salt Combination,MIXED AMPHETAMINE SALTS,FL,4,244
2017,Amphetamine Salt Combination,MYDAYIS,FL,4,10
2017,Dextroamphetamine Sulfate,DEXEDRINE SPANSULE,FL,4,20
2017,Dextroamphetamine Sulfate,DEXTROAMPHETAMINE SULFATE,FL,4,926
2017,Dextroamphetamine Sulfate,PROCENTRA,FL,4,10
2017,Dextroamphetamine Sulfate,ZENZEDI,FL,4,40
2017,Lisdexamfetamine Dimesylate,VYVANSE,FL,4,60893
2017,Methamphetamine Hydrochloride,METHAMPHETAMINE HCL,FL,4,20
2017,Amphetamine,ADZENYS XR ODT,MS,1,699
2017,Amphetamine Salt Combination,ADDERALL,MS,1,30
2017,Amphetamine Salt Combination,ADDERALL XR,MS,1,1599
2017,Amphetamine Salt Combination,AMPHETAMINE SALT COMBO,MS,1,5287
2017,Amphetamine Salt Combination,DEXTROAMPH SACC-AMPH ASP-DEXTROAM SULF-AMPHET SULF,MS,1,764
2017,Amphetamine Salt Combination,MIXED AMPHETAMINE SALT,MS,1,908
2017,Amphetamine Salt Combination,MIXED AMPHETAMINE SALTS,MS,1,2146
2017,Dextroamphetamine Sulfate,DEXTROAMPHETAMINE SULFATE,MS,1,244
2017,Dextroamphetamine Sulfate,PROCENTRA,MS,1,1017
2017,Dextroamphetamine Sulfate,ZENZEDI,MS,1,20
2017,Lisdexamfetamine Dimesylate,VYVANSE,MS,1,26901
2017,Amphetamine,ADZENYS XR ODT,MS,2,1083
2017,Amphetamine Salt Combination,ADDERALL,MS,2,20
2017,Amphetamine Salt Combination,ADDERALL XR,MS,2,540
2017,Amphetamine Salt Combination,AMPHETAMINE SALT COMBO,MS,2,5442
2017,Amphetamine Salt Combination,DEXTROAMPH SACC-AMPH ASP-DEXTROAM SULF-AMPHET SULF,MS,2,841
2017,Amphetamine Salt Combination,MIXED AMPHETAMINE SALT,MS,2,642
2017,Amphetamine Salt Combination,MIXED AMPHETAMINE SALTS,MS,2,3414
2017,Dextroamphetamine Sulfate,DEXTROAMPHETAMINE SULFATE,MS,2,243
2017,Dextroamphetamine Sulfate,PROCENTRA,MS,2,845
2017,Dextroamphetamine Sulfate,ZENZEDI,MS,2,20
2017,Lisdexamfetamine Dimesylate,VYVANSE,MS,2,23129
2017,Amphetamine,ADZENYS XR ODT,MS,3,1355
2017,Amphetamine Salt Combination,ADDERALL,MS,3,50
2017,Amphetamine Salt Combination,ADDERALL XR,MS,3,291
2017,Amphetamine Salt Combination,AMPHETAMINE SALT COMBO,MS,3,5870
2017,Amphetamine Salt Combination,DEXTROAMPH SACC-AMPH ASP-DEXTROAM SULF-AMPHET SULF,MS,3,1005
2017,Amphetamine Salt Combination,MIXED AMPHETAMINE SALT,MS,3,813
2017,Amphetamine Salt Combination,MIXED AMPHETAMINE SALTS,MS,3,3366
2017,Dextroamphetamine Sulfate,DEXTROAMPHETAMINE SULFATE,MS,3,232
2017,Dextroamphetamine Sulfate,PROCENTRA,MS,3,860
2017,Dextroamphetamine Sulfate,ZENZEDI,MS,3,30
2017,Lisdexamfetamine Dimesylate,VYVANSE,MS,3,22577
2017,Amphetamine,ADZENYS XR ODT,MS,4,1791
2017,Amphetamine Salt Combination,ADDERALL,MS,4,64
2017,Amphetamine Salt Combination,ADDERALL XR,MS,4,186
2017,Amphetamine Salt Combination,AMPHETAMINE SALT COMBO,MS,4,6978
2017,Amphetamine Salt Combination,DEXTROAMPH SACC-AMPH ASP-DEXTROAM SULF-AMPHET SULF,MS,4,1099
2017,Amphetamine Salt Combination,MIXED AMPHETAMINE SALT,MS,4,977
2017,Amphetamine Salt Combination,MIXED AMPHETAMINE SALTS,MS,4,3391
2017,Amphetamine Salt Combination,MYDAYIS,MS,4,10
2017,Dextroamphetamine Sulfate,DEXTROAMPHETAMINE SULFATE,MS,4,228
2017,Dextroamphetamine Sulfate,PROCENTRA,MS,4,1115
2017,Dextroamphetamine Sulfate,ZENZEDI,MS,4,10
2017,Lisdexamfetamine Dimesylate,VYVANSE,MS,4,23985
2017,Amphetamine,ADZENYS XR ODT,SC,1,100
2017,Amphetamine Salt Combination,ADDERALL,SC,1,30
2017,Amphetamine Salt Combination,ADDERALL XR,SC,1,2174
2017,Amphetamine Salt Combination,AMPHETAMINE SALT COMBO,SC,1,9400
2017,Amphetamine Salt Combination,DEXTROAMPH SACC-AMPH ASP-DEXTROAM SULF-AMPHET SULF,SC,1,1060
2017,Amphetamine Salt Combination,MIXED AMPHETAMINE SALT,SC,1,2140
2017,Amphetamine Salt Combination,MIXED AMPHETAMINE SALTS,SC,1,8573
2017,Dextroamphetamine Sulfate,DEXTROAMPHETAMINE SULFATE,SC,1,879
2017,Dextroamphetamine Sulfate,PROCENTRA,SC,1,10
2017,Dextroamphetamine Sulfate,ZENZEDI,SC,1,10
2017,Lisdexamfetamine Dimesylate,VYVANSE,SC,1,23181
2017,Amphetamine,ADZENYS XR ODT,SC,2,119
2017,Amphetamine Salt Combination,ADDERALL,SC,2,40
2017,Amphetamine Salt Combination,ADDERALL XR,SC,2,1909
2017,Amphetamine Salt Combination,AMPHETAMINE SALT COMBO,SC,2,10528
2017,Amphetamine Salt Combination,DEXTROAMPH SACC-AMPH ASP-DEXTROAM SULF-AMPHET SULF,SC,2,717
2017,Amphetamine Salt Combination,MIXED AMPHETAMINE SALT,SC,2,1395
2017,Amphetamine Salt Combination,MIXED AMPHETAMINE SALTS,SC,2,10678
2017,Dextroamphetamine Sulfate,DEXTROAMPHETAMINE SULFATE,SC,2,860
2017,Dextroamphetamine Sulfate,PROCENTRA,SC,2,10
2017,Lisdexamfetamine Dimesylate,VYVANSE,SC,2,21030
2017,Amphetamine,ADZENYS XR ODT,SC,3,118
2017,Amphetamine Salt Combination,ADDERALL,SC,3,40
2017,Amphetamine Salt Combination,ADDERALL XR,SC,3,1821
2017,Amphetamine Salt Combination,AMPHETAMINE SALT COMBO,SC,3,14269
2017,Amphetamine Salt Combination,DEXTROAMPH SACC-AMPH ASP-DEXTROAM SULF-AMPHET SULF,SC,3,700
2017,Amphetamine Salt Combination,MIXED AMPHETAMINE SALT,SC,3,1312
2017,Amphetamine Salt Combination,MIXED AMPHETAMINE SALTS,SC,3,10674
2017,Dextroamphetamine Sulfate,DEXTROAMPHETAMINE SULFATE,SC,3,816
2017,Dextroamphetamine Sulfate,PROCENTRA,SC,3,10
2017,Lisdexamfetamine Dimesylate,VYVANSE,SC,3,20501
2017,Amphetamine,ADZENYS XR ODT,SC,4,125
2017,Amphetamine Salt Combination,ADDERALL,SC,4,40
2017,Amphetamine Salt Combination,ADDERALL XR,SC,4,2171
2017,Amphetamine Salt Combination,AMPHETAMINE SALT COMBO,SC,4,17185
2017,Amphetamine Salt Combination,DEXTROAMPH SACC-AMPH ASP-DEXTROAM SULF-AMPHET SULF,SC,4,778
2017,Amphetamine Salt Combination,MIXED AMPHETAMINE SALT,SC,4,1559
2017,Amphetamine Salt Combination,MIXED AMPHETAMINE SALTS,SC,4,11942
2017,Amphetamine Salt Combination,MYDAYIS,SC,4,10
2017,Dextroamphetamine Sulfate,DEXTROAMPHETAMINE SULFATE,SC,4,850
2017,Dextroamphetamine Sulfate,PROCENTRA,SC,4,10
2017,Dextroamphetamine Sulfate,ZENZEDI,SC,4,20
2017,Lisdexamfetamine Dimesylate,VYVANSE,SC,4,22701
2017,Methamphetamine Hydrochloride,METHAMPHETAMINE HCL,SC,4,10
2017,Amphetamine,ADZENYS XR ODT,TN,1,155
2017,Amphetamine Salt Combination,ADDERALL,TN,1,40
2017,Amphetamine Salt Combination,ADDERALL XR,TN,1,20398
2017,Amphetamine Salt Combination,AMPHETAMINE SALT COMBO,TN,1,7646
2017,Amphetamine Salt Combination,DEXTROAMPH SACC-AMPH ASP-DEXTROAM SULF-AMPHET SULF,TN,1,10
2017,Amphetamine Salt Combination,MIXED AMPHETAMINE SALTS,TN,1,10
2017,Dextroamphetamine Sulfate,DEXTROAMPHETAMINE SULFATE,TN,1,386
2017,Dextroamphetamine Sulfate,PROCENTRA,TN,1,517
2017,Dextroamphetamine Sulfate,ZENZEDI,TN,1,40
2017,Lisdexamfetamine Dimesylate,VYVANSE,TN,1,32907
2017,Methamphetamine Hydrochloride,METHAMPHETAMINE HCL,TN,1,10
2017,Amphetamine,ADZENYS XR ODT,TN,2,187
2017,Amphetamine Salt Combination,ADDERALL,TN,2,30
2017,Amphetamine Salt Combination,ADDERALL XR,TN,2,18803
2017,Amphetamine Salt Combination,AMPHETAMINE SALT COMBO,TN,2,8162
2017,Amphetamine Salt Combination,DEXTROAMPH SACC-AMPH ASP-DEXTROAM SULF-AMPHET SULF,TN,2,10
2017,Amphetamine Salt Combination,MIXED AMPHETAMINE SALTS,TN,2,20
2017,Dextroamphetamine Sulfate,DEXTROAMPHETAMINE SULFATE,TN,2,403
2017,Dextroamphetamine Sulfate,PROCENTRA,TN,2,478
2017,Dextroamphetamine Sulfate,ZENZEDI,TN,2,10
2017,Lisdexamfetamine Dimesylate,VYVANSE,TN,2,30304
2017,Methamphetamine Hydrochloride,METHAMPHETAMINE HCL,TN,2,20
2017,Amphetamine,ADZENYS XR ODT,TN,3,284
2017,Amphetamine Salt Combination,ADDERALL,TN,3,30
2017,Amphetamine Salt Combination,ADDERALL XR,TN,3,17680
2017,Amphetamine Salt Combination,AMPHETAMINE SALT COMBO,TN,3,8977
2017,Amphetamine Salt Combination,DEXTROAMPH SACC-AMPH ASP-DEXTROAM SULF-AMPHET SULF,TN,3,10
2017,Amphetamine Salt Combination,MIXED AMPHETAMINE SALTS,TN,3,20
2017,Dextroamphetamine Sulfate,DEXTROAMPHETAMINE SULFATE,TN,3,399
2017,Dextroamphetamine Sulfate,PROCENTRA,TN,3,449
2017,Dextroamphetamine Sulfate,ZENZEDI,TN,3,10
2017,Lisdexamfetamine Dimesylate,VYVANSE,TN,3,28606
2017,Methamphetamine Hydrochloride,METHAMPHETAMINE HCL,TN,3,10
2017,Amphetamine,ADZENYS XR ODT,TN,4,351
2017,Amphetamine Salt Combination,ADDERALL,TN,4,40
2017,Amphetamine Salt Combination,ADDERALL XR,TN,4,18941
2017,Amphetamine Salt Combination,AMPHETAMINE SALT COMBO,TN,4,10210
2017,Amphetamine Salt Combination,DEXTROAMPH SACC-AMPH ASP-DEXTROAM SULF-AMPHET SULF,TN,4,23
2017,Amphetamine Salt Combination,MIXED AMPHETAMINE SALTS,TN,4,20
2017,Amphetamine Salt Combination,MYDAYIS,TN,4,50
2017,Dextroamphetamine Sulfate,DEXTROAMPHETAMINE SULFATE,TN,4,367
2017,Dextroamphetamine Sulfate,PROCENTRA,TN,4,505
2017,Dextroamphetamine Sulfate,ZENZEDI,TN,4,20
2017,Lisdexamfetamine Dimesylate,VYVANSE,TN,4,31290
2017,Methamphetamine Hydrochloride,METHAMPHETAMINE HCL,TN,4,10
2018,Amphetamine,ADZENYS XR ODT,CO,1,60
2018,Amphetamine Salt Combination,ADDERALL,CO,1,71
2018,Amphetamine Salt Combination,ADDERALL XR,CO,1,235
2018,Amphetamine Salt Combination,AMPHETAMINE SALT COMBO,CO,1,11285
2018,Amphetamine Salt Combination,DEXTROAMPH SACC-AMPH ASP-DEXTROAM SULF-AMPHET SULF,CO,1,311
2018,Amphetamine Salt Combination,MIXED AMPHETAMINE SALT,CO,1,1791
2018,Amphetamine Salt Combination,MIXED AMPHETAMINE SALTS,CO,1,4742
2018,Amphetamine Salt Combination,MYDAYIS,CO,1,10
2018,Dextroamphetamine Sulfate,DEXEDRINE SPANSULE,CO,1,10
2018,Dextroamphetamine Sulfate,DEXTROAMPHETAMINE SULFATE,CO,1,424
2018,Dextroamphetamine Sulfate,ZENZEDI,CO,1,20
2018,Lisdexamfetamine Dimesylate,VYVANSE,CO,1,9220
2018,Methamphetamine Hydrochloride,METHAMPHETAMINE HCL,CO,1,10
2018,Amphetamine,ADZENYS XR ODT,CO,2,60
2018,Amphetamine Salt Combination,ADDERALL,CO,2,79
2018,Amphetamine Salt Combination,ADDERALL XR,CO,2,282
2018,Amphetamine Salt Combination,AMPHETAMINE SALT COMBO,CO,2,12060
2018,Amphetamine Salt Combination,DEXTROAMPH SACC-AMPH ASP-DEXTROAM SULF-AMPHET SULF,CO,2,225
2018,Amphetamine Salt Combination,MIXED AMPHETAMINE SALT,CO,2,2925
2018,Amphetamine Salt Combination,MIXED AMPHETAMINE SALTS,CO,2,3801
2018,Amphetamine Salt Combination,MYDAYIS,CO,2,10
2018,Dextroamphetamine Sulfate,DEXTROAMPHETAMINE SULFATE,CO,2,386
2018,Dextroamphetamine Sulfate,ZENZEDI,CO,2,10
2018,Lisdexamfetamine Dimesylate,VYVANSE,CO,2,9539
2018,Methamphetamine Hydrochloride,METHAMPHETAMINE HCL,CO,2,16
2018,Amphetamine,ADZENYS XR ODT,CO,3,50
2018,Amphetamine Salt Combination,ADDERALL,CO,3,63
2018,Amphetamine Salt Combination,ADDERALL XR,CO,3,229
2018,Amphetamine Salt Combination,AMPHETAMINE SALT COMBO,CO,3,11488
2018,Amphetamine Salt Combination,DEXTROAMPH SACC-AMPH ASP-DEXTROAM SULF-AMPHET SULF,CO,3,173
2018,Amphetamine Salt Combination,MIXED AMPHETAMINE SALT,CO,3,2912
2018,Amphetamine Salt Combination,MIXED AMPHETAMINE SALTS,CO,3,3404
2018,Amphetamine Salt Combination,MYDAYIS,CO,3,10
2018,Dextroamphetamine Sulfate,DEXEDRINE SPANSULE,CO,3,10
2018,Dextroamphetamine Sulfate,DEXTROAMPHETAMINE SULFATE,CO,3,392
2018,Dextroamphetamine Sulfate,ZENZEDI,CO,3,10
2018,Lisdexamfetamine Dimesylate,VYVANSE,CO,3,8716
2018,Methamphetamine Hydrochloride,METHAMPHETAMINE HCL,CO,3,20
2018,Amphetamine,ADZENYS XR ODT,CO,4,50
2018,Amphetamine Salt Combination,ADDERALL,CO,4,74
2018,Amphetamine Salt Combination,ADDERALL XR,CO,4,233
2018,Amphetamine Salt Combination,AMPHETAMINE SALT COMBO,CO,4,11408
2018,Amphetamine Salt Combination,DEXTROAMPH SACC-AMPH ASP-DEXTROAM SULF-AMPHET SULF,CO,4,649
2018,Amphetamine Salt Combination,MIXED AMPHETAMINE SALT,CO,4,3025
2018,Amphetamine Salt Combination,MIXED AMPHETAMINE SALTS,CO,4,3700
2018,Amphetamine Salt Combination,MYDAYIS,CO,4,10
2018,Dextroamphetamine Sulfate,DEXEDRINE SPANSULE,CO,4,10
2018,Dextroamphetamine Sulfate,DEXTROAMPHETAMINE SULFATE,CO,4,352
2018,Dextroamphetamine Sulfate,ZENZEDI,CO,4,10
2018,Lisdexamfetamine Dimesylate,VYVANSE,CO,4,9467
2018,Methamphetamine Hydrochloride,METHAMPHETAMINE HCL,CO,4,20
2018,Amphetamine,ADZENYS XR ODT,FL,1,116
2018,Amphetamine Salt Combination,ADDERALL,FL,1,40
2018,Amphetamine Salt Combination,ADDERALL XR,FL,1,34066
2018,Amphetamine Salt Combination,AMPHETAMINE SALT COMBO,FL,1,29846
2018,Amphetamine Salt Combination,DEXTROAMPH SACC-AMPH ASP-DEXTROAM SULF-AMPHET SULF,FL,1,48
2018,Amphetamine Salt Combination,MIXED AMPHETAMINE SALT,FL,1,147
2018,Amphetamine Salt Combination,MIXED AMPHETAMINE SALTS,FL,1,213
2018,Amphetamine Salt Combination,MYDAYIS,FL,1,10
2018,Dextroamphetamine Sulfate,DEXEDRINE SPANSULE,FL,1,20
2018,Dextroamphetamine Sulfate,DEXTROAMPHETAMINE SULFATE,FL,1,824
2018,Dextroamphetamine Sulfate,ZENZEDI,FL,1,30
2018,Lisdexamfetamine Dimesylate,VYVANSE,FL,1,63161
2018,Methamphetamine Hydrochloride,METHAMPHETAMINE HCL,FL,1,10
2018,Amphetamine,ADZENYS XR ODT,FL,2,135
2018,Amphetamine Salt Combination,ADDERALL,FL,2,40
2018,Amphetamine Salt Combination,ADDERALL XR,FL,2,33406
2018,Amphetamine Salt Combination,AMPHETAMINE SALT COMBO,FL,2,29831
2018,Amphetamine Salt Combination,DEXTROAMPH SACC-AMPH ASP-DEXTROAM SULF-AMPHET SULF,FL,2,57
2018,Amphetamine Salt Combination,MIXED AMPHETAMINE SALT,FL,2,168
2018,Amphetamine Salt Combination,MIXED AMPHETAMINE SALTS,FL,2,188
2018,Amphetamine Salt Combination,MYDAYIS,FL,2,16
2018,Dextroamphetamine Sulfate,DEXEDRINE SPANSULE,FL,2,10
2018,Dextroamphetamine Sulfate,DEXTROAMPHETAMINE SULFATE,FL,2,751
2018,Dextroamphetamine Sulfate,PROCENTRA,FL,2,10
2018,Dextroamphetamine Sulfate,ZENZEDI,FL,2,30
2018,Lisdexamfetamine Dimesylate,VYVANSE,FL,2,57508
2018,Methamphetamine Hydrochloride,METHAMPHETAMINE HCL,FL,2,20
2018,Amphetamine,ADZENYS ER,FL,3,10
2018,Amphetamine,ADZENYS XR ODT,FL,3,1462
2018,Amphetamine Salt Combination,ADDERALL,FL,3,50
2018,Amphetamine Salt Combination,ADDERALL XR,FL,3,31165
2018,Amphetamine Salt Combination,AMPHETAMINE SALT COMBO,FL,3,28799
2018,Amphetamine Salt Combination,DEXTROAMPH SACC-AMPH ASP-DEXTROAM SULF-AMPHET SULF,FL,3,55
2018,Amphetamine Salt Combination,MIXED AMPHETAMINE SALT,FL,3,212
2018,Amphetamine Salt Combination,MIXED AMPHETAMINE SALTS,FL,3,190
2018,Amphetamine Salt Combination,MYDAYIS,FL,3,21
2018,Dextroamphetamine Sulfate,DEXEDRINE SPANSULE,FL,3,10
2018,Dextroamphetamine Sulfate,DEXTROAMPHETAMINE SULFATE,FL,3,777
2018,Dextroamphetamine Sulfate,ZENZEDI,FL,3,40
2018,Lisdexamfetamine Dimesylate,VYVANSE,FL,3,55810
2018,Amphetamine,ADZENYS ER,FL,4,10
2018,Amphetamine,ADZENYS XR ODT,FL,4,3517
2018,Amphetamine Salt Combination,ADDERALL,FL,4,60
2018,Amphetamine Salt Combination,ADDERALL XR,FL,4,33800
2018,Amphetamine Salt Combination,AMPHETAMINE SALT COMBO,FL,4,30842
2018,Amphetamine Salt Combination,DEXTROAMPH SACC-AMPH ASP-DEXTROAM SULF-AMPHET SULF,FL,4,441
2018,Amphetamine Salt Combination,MIXED AMPHETAMINE SALT,FL,4,238
2018,Amphetamine Salt Combination,MIXED AMPHETAMINE SALTS,FL,4,209
2018,Amphetamine Salt Combination,MYDAYIS,FL,4,19
2018,Dextroamphetamine Sulfate,DEXEDRINE SPANSULE,FL,4,10
2018,Dextroamphetamine Sulfate,DEXTROAMPHETAMINE SULFATE,FL,4,739
2018,Dextroamphetamine Sulfate,ZENZEDI,FL,4,60
2018,Lisdexamfetamine Dimesylate,VYVANSE,FL,4,61847
2018,Amphetamine,ADZENYS XR ODT,MS,1,1278
2018,Amphetamine Salt Combination,ADDERALL,MS,1,83
2018,Amphetamine Salt Combination,ADDERALL XR,MS,1,255
2018,Amphetamine Salt Combination,AMPHETAMINE SALT COMBO,MS,1,7416
2018,Amphetamine Salt Combination,DEXTROAMPH SACC-AMPH ASP-DEXTROAM SULF-AMPHET SULF,MS,1,1072
2018,Amphetamine Salt Combination,MIXED AMPHETAMINE SALT,MS,1,1037
2018,Amphetamine Salt Combination,MIXED AMPHETAMINE SALTS,MS,1,3537
2018,Amphetamine Salt Combination,MYDAYIS,MS,1,20
2018,Dextroamphetamine Sulfate,DEXTROAMPHETAMINE SULFATE,MS,1,218
2018,Dextroamphetamine Sulfate,PROCENTRA,MS,1,1306
2018,Dextroamphetamine Sulfate,ZENZEDI,MS,1,40
2018,Lisdexamfetamine Dimesylate,VYVANSE,MS,1,25498
2018,Amphetamine,ADZENYS XR ODT,MS,2,963
2018,Amphetamine Salt Combination,ADDERALL,MS,2,40
2018,Amphetamine Salt Combination,ADDERALL XR,MS,2,252
2018,Amphetamine Salt Combination,AMPHETAMINE SALT COMBO,MS,2,6721
2018,Amphetamine Salt Combination,DEXTROAMPH SACC-AMPH ASP-DEXTROAM SULF-AMPHET SULF,MS,2,887
2018,Amphetamine Salt Combination,MIXED AMPHETAMINE SALT,MS,2,954
2018,Amphetamine Salt Combination,MIXED AMPHETAMINE SALTS,MS,2,3233
2018,Amphetamine Salt Combination,MYDAYIS,MS,2,20
2018,Dextroamphetamine Sulfate,DEXTROAMPHETAMINE SULFATE,MS,2,210
2018,Dextroamphetamine Sulfate,PROCENTRA,MS,2,1153
2018,Dextroamphetamine Sulfate,ZENZEDI,MS,2,50
2018,Lisdexamfetamine Dimesylate,VYVANSE,MS,2,22379
2018,Amphetamine,ADZENYS ER,MS,3,10
2018,Amphetamine,ADZENYS XR ODT,MS,3,847
2018,Amphetamine Salt Combination,ADDERALL,MS,3,10
2018,Amphetamine Salt Combination,ADDERALL XR,MS,3,213
2018,Amphetamine Salt Combination,AMPHETAMINE SALT COMBO,MS,3,6915
2018,Amphetamine Salt Combination,DEXTROAMPH SACC-AMPH ASP-DEXTROAM SULF-AMPHET SULF,MS,3,641
2018,Amphetamine Salt Combination,MIXED AMPHETAMINE SALT,MS,3,703
2018,Amphetamine Salt Combination,MIXED AMPHETAMINE SALTS,MS,3,3711
2018,Amphetamine Salt Combination,MYDAYIS,MS,3,16
2018,Dextroamphetamine Sulfate,DEXTROAMPHETAMINE SULFATE,MS,3,183
2018,Dextroamphetamine Sulfate,PROCENTRA,MS,3,1061
2018,Dextroamphetamine Sulfate,ZENZEDI,MS,3,30
2018,Lisdexamfetamine Dimesylate,VYVANSE,MS,3,22482
2018,Amphetamine,ADZENYS ER,MS,4,10
2018,Amphetamine,ADZENYS XR ODT,MS,4,809
2018,Amphetamine Salt Combination,ADDERALL,MS,4,40
2018,Amphetamine Salt Combination,ADDERALL XR,MS,4,197
2018,Amphetamine Salt Combination,AMPHETAMINE SALT COMBO,MS,4,7277
2018,Amphetamine Salt Combination,DEXTROAMPH SACC-AMPH ASP-DEXTROAM SULF-AMPHET SULF,MS,4,808
2018,Amphetamine Salt Combination,MIXED AMPHETAMINE SALT,MS,4,716
2018,Amphetamine Salt Combination,MIXED AMPHETAMINE SALTS,MS,4,4135
2018,Amphetamine Salt Combination,MYDAYIS,MS,4,29
2018,Dextroamphetamine Sulfate,DEXTROAMPHETAMINE SULFATE,MS,4,216
2018,Dextroamphetamine Sulfate,PROCENTRA,MS,4,1252
2018,Dextroamphetamine Sulfate,ZENZEDI,MS,4,30
2018,Lisdexamfetamine Dimesylate,VYVANSE,MS,4,23382
2018,Amphetamine,ADZENYS XR ODT,SC,1,151
2018,Amphetamine Salt Combination,ADDERALL,SC,1,60
2018,Amphetamine Salt Combination,ADDERALL XR,SC,1,1876
2018,Amphetamine Salt Combination,AMPHETAMINE SALT COMBO,SC,1,14644
2018,Amphetamine Salt Combination,DEXTROAMPH SACC-AMPH ASP-DEXTROAM SULF-AMPHET SULF,SC,1,787
2018,Amphetamine Salt Combination,MIXED AMPHETAMINE SALT,SC,1,1688
2018,Amphetamine Salt Combination,MIXED AMPHETAMINE SALTS,SC,1,12272
2018,Amphetamine Salt Combination,MYDAYIS,SC,1,10
2018,Dextroamphetamine Sulfate,DEXTROAMPHETAMINE SULFATE,SC,1,756
2018,Dextroamphetamine Sulfate,PROCENTRA,SC,1,10
2018,Dextroamphetamine Sulfate,ZENZEDI,SC,1,20
2018,Lisdexamfetamine Dimesylate,VYVANSE,SC,1,22660
2018,Methamphetamine Hydrochloride,METHAMPHETAMINE HCL,SC,1,10
2018,Amphetamine,ADZENYS ER,SC,2,10
2018,Amphetamine,ADZENYS XR ODT,SC,2,126
2018,Amphetamine Salt Combination,ADDERALL,SC,2,70
2018,Amphetamine Salt Combination,ADDERALL XR,SC,2,1962
2018,Amphetamine Salt Combination,AMPHETAMINE SALT COMBO,SC,2,14623
2018,Amphetamine Salt Combination,DEXTROAMPH SACC-AMPH ASP-DEXTROAM SULF-AMPHET SULF,SC,2,770
2018,Amphetamine Salt Combination,MIXED AMPHETAMINE SALT,SC,2,1871
2018,Amphetamine Salt Combination,MIXED AMPHETAMINE SALTS,SC,2,10631
2018,Amphetamine Salt Combination,MYDAYIS,SC,2,23
2018,Dextroamphetamine Sulfate,DEXTROAMPHETAMINE SULFATE,SC,2,681
2018,Dextroamphetamine Sulfate,PROCENTRA,SC,2,10
2018,Dextroamphetamine Sulfate,ZENZEDI,SC,2,20
2018,Lisdexamfetamine Dimesylate,VYVANSE,SC,2,21895
2018,Amphetamine,ADZENYS ER,SC,3,10
2018,Amphetamine,ADZENYS XR ODT,SC,3,134
2018,Amphetamine Salt Combination,ADDERALL,SC,3,50
2018,Amphetamine Salt Combination,ADDERALL XR,SC,3,1721
2018,Amphetamine Salt Combination,AMPHETAMINE SALT COMBO,SC,3,16137
2018,Amphetamine Salt Combination,DEXTROAMPH SACC-AMPH ASP-DEXTROAM SULF-AMPHET SULF,SC,3,659
2018,Amphetamine Salt Combination,MIXED AMPHETAMINE SALT,SC,3,1937
2018,Amphetamine Salt Combination,MIXED AMPHETAMINE SALTS,SC,3,9761
2018,Amphetamine Salt Combination,MYDAYIS,SC,3,30
2018,Dextroamphetamine Sulfate,DEXTROAMPHETAMINE SULFATE,SC,3,630
2018,Dextroamphetamine Sulfate,PROCENTRA,SC,3,10
2018,Dextroamphetamine Sulfate,ZENZEDI,SC,3,10
2018,Lisdexamfetamine Dimesylate,VYVANSE,SC,3,20189
2018,Amphetamine,ADZENYS ER,SC,4,10
2018,Amphetamine,ADZENYS XR ODT,SC,4,118
2018,Amphetamine Salt Combination,ADDERALL,SC,4,50
2018,Amphetamine Salt Combination,ADDERALL XR,SC,4,1884
2018,Amphetamine Salt Combination,AMPHETAMINE SALT COMBO,SC,4,17466
2018,Amphetamine Salt Combination,DEXTROAMPH SACC-AMPH ASP-DEXTROAM SULF-AMPHET SULF,SC,4,1688
2018,Amphetamine Salt Combination,MIXED AMPHETAMINE SALT,SC,4,2075
2018,Amphetamine Salt Combination,MIXED AMPHETAMINE SALTS,SC,4,11338
2018,Amphetamine Salt Combination,MYDAYIS,SC,4,34
2018,Dextroamphetamine Sulfate,DEXTROAMPHETAMINE SULFATE,SC,4,626
2018,Dextroamphetamine Sulfate,PROCENTRA,SC,4,10
2018,Dextroamphetamine Sulfate,ZENZEDI,SC,4,20
2018,Lisdexamfetamine Dimesylate,VYVANSE,SC,4,22776
2018,Methamphetamine Hydrochloride,METHAMPHETAMINE HCL,SC,4,10
2018,Amphetamine,ADZENYS XR ODT,TN,1,354
2018,Amphetamine Salt Combination,ADDERALL,TN,1,30
2018,Amphetamine Salt Combination,ADDERALL XR,TN,1,18240
2018,Amphetamine Salt Combination,AMPHETAMINE SALT COMBO,TN,1,9726
2018,Amphetamine Salt Combination,DEXTROAMPH SACC-AMPH ASP-DEXTROAM SULF-AMPHET SULF,TN,1,20
2018,Amphetamine Salt Combination,MIXED AMPHETAMINE SALTS,TN,1,20
2018,Amphetamine Salt Combination,MYDAYIS,TN,1,83
2018,Dextroamphetamine Sulfate,DEXTROAMPHETAMINE SULFATE,TN,1,368
2018,Dextroamphetamine Sulfate,PROCENTRA,TN,1,544
2018,Dextroamphetamine Sulfate,ZENZEDI,TN,1,20
2018,Lisdexamfetamine Dimesylate,VYVANSE,TN,1,30320
2018,Methamphetamine Hydrochloride,METHAMPHETAMINE HCL,TN,1,10
2018,Amphetamine,ADZENYS ER,TN,2,10
2018,Amphetamine,ADZENYS XR ODT,TN,2,349
2018,Amphetamine Salt Combination,ADDERALL,TN,2,20
2018,Amphetamine Salt Combination,ADDERALL XR,TN,2,17227
2018,Amphetamine Salt Combination,AMPHETAMINE SALT COMBO,TN,2,9561
2018,Amphetamine Salt Combination,DEXTROAMPH SACC-AMPH ASP-DEXTROAM SULF-AMPHET SULF,TN,2,18
2018,Amphetamine Salt Combination,MIXED AMPHETAMINE SALTS,TN,2,10
2018,Amphetamine Salt Combination,MYDAYIS,TN,2,86
2018,Dextroamphetamine Sulfate,DEXTROAMPHETAMINE SULFATE,TN,2,362
2018,Dextroamphetamine Sulfate,PROCENTRA,TN,2,548
2018,Dextroamphetamine Sulfate,ZENZEDI,TN,2,30
2018,Lisdexamfetamine Dimesylate,VYVANSE,TN,2,29176
2018,Methamphetamine Hydrochloride,METHAMPHETAMINE HCL,TN,2,10
2018,Amphetamine,ADZENYS XR ODT,TN,3,341
2018,Amphetamine Salt Combination,ADDERALL,TN,3,20
2018,Amphetamine Salt Combination,ADDERALL XR,TN,3,16304
2018,Amphetamine Salt Combination,AMPHETAMINE SALT COMBO,TN,3,9437
2018,Amphetamine Salt Combination,DEXTROAMPH SACC-AMPH ASP-DEXTROAM SULF-AMPHET SULF,TN,3,10
2018,Amphetamine Salt Combination,MIXED AMPHETAMINE SALTS,TN,3,30
2018,Amphetamine Salt Combination,MYDAYIS,TN,3,87
2018,Dextroamphetamine Sulfate,DEXTROAMPHETAMINE SULFATE,TN,3,332
2018,Dextroamphetamine Sulfate,PROCENTRA,TN,3,491
2018,Dextroamphetamine Sulfate,ZENZEDI,TN,3,20
2018,Lisdexamfetamine Dimesylate,VYVANSE,TN,3,26952
2018,Amphetamine,ADZENYS ER,TN,4,10
2018,Amphetamine,ADZENYS XR ODT,TN,4,372
2018,Amphetamine Salt Combination,ADDERALL,TN,4,20
2018,Amphetamine Salt Combination,ADDERALL XR,TN,4,17861
2018,Amphetamine Salt Combination,AMPHETAMINE SALT COMBO,TN,4,9958
2018,Amphetamine Salt Combination,DEXTROAMPH SACC-AMPH ASP-DEXTROAM SULF-AMPHET SULF,TN,4,272
2018,Amphetamine Salt Combination,MIXED AMPHETAMINE SALTS,TN,4,20
2018,Amphetamine Salt Combination,MYDAYIS,TN,4,108
2018,Dextroamphetamine Sulfate,DEXTROAMPHETAMINE SULFATE,TN,4,354
2018,Dextroamphetamine Sulfate,PROCENTRA,TN,4,604
2018,Dextroamphetamine Sulfate,ZENZEDI,TN,4,20
2018,Lisdexamfetamine Dimesylate,VYVANSE,TN,4,29675
2019,Amphetamine,ADZENYS XR ODT,CO,1,40
2019,Amphetamine Salt Combination,ADDERALL,CO,1,60
2019,Amphetamine Salt Combination,ADDERALL XR,CO,1,172
2019,Amphetamine Salt Combination,AMPHETAMINE SALT COMBO,CO,1,9154
2019,Amphetamine Salt Combination,DEXTROAMPH SACC-AMPH ASP-DEXTROAM SULF-AMPHET SULF,CO,1,906
2019,Amphetamine Salt Combination,MIXED AMPHETAMINE SALT,CO,1,2530
2019,Amphetamine Salt Combination,MIXED AMPHETAMINE SALTS,CO,1,4741
2019,Amphetamine Salt Combination,MYDAYIS,CO,1,14
2019,Dextroamphetamine Sulfate,DEXTROAMPHETAMINE SULFATE,CO,1,339
2019,Dextroamphetamine Sulfate,ZENZEDI,CO,1,20
2019,Lisdexamfetamine Dimesylate,VYVANSE,CO,1,8389
2019,Methamphetamine Hydrochloride,METHAMPHETAMINE HCL,CO,1,20
2019,Amphetamine,ADZENYS XR ODT,CO,2,40
2019,Amphetamine Salt Combination,ADDERALL,CO,2,61
2019,Amphetamine Salt Combination,ADDERALL XR,CO,2,163
2019,Amphetamine Salt Combination,AMPHETAMINE SALT COMBO,CO,2,9751
2019,Amphetamine Salt Combination,DEXTROAMPH SACC-AMPH ASP-DEXTROAM SULF-AMPHET SULF,CO,2,456
2019,Amphetamine Salt Combination,MIXED AMPHETAMINE SALT,CO,2,2653
2019,Amphetamine Salt Combination,MIXED AMPHETAMINE SALTS,CO,2,6226
2019,Amphetamine Salt Combination,MYDAYIS,CO,2,17
2019,Dextroamphetamine Sulfate,DEXEDRINE SPANSULE,CO,2,10
2019,Dextroamphetamine Sulfate,DEXTROAMPHETAMINE SULFATE,CO,2,357
2019,Dextroamphetamine Sulfate,ZENZEDI,CO,2,10
2019,Lisdexamfetamine Dimesylate,VYVANSE,CO,2,8981
2019,Methamphetamine Hydrochloride,METHAMPHETAMINE HCL,CO,2,20
2019,Amphetamine,ADZENYS XR ODT,CO,3,40
2019,Amphetamine Salt Combination,ADDERALL,CO,3,55
2019,Amphetamine Salt Combination,ADDERALL XR,CO,3,180
2019,Amphetamine Salt Combination,AMPHETAMINE SALT COMBO,CO,3,10286
2019,Amphetamine Salt Combination,DEXTROAMPH SACC-AMPH ASP-DEXTROAM SULF-AMPHET SULF,CO,3,465
2019,Amphetamine Salt Combination,MIXED AMPHETAMINE SALT,CO,3,2901
2019,Amphetamine Salt Combination,MIXED AMPHETAMINE SALTS,CO,3,6663
2019,Amphetamine Salt Combination,MYDAYIS,CO,3,22
2019,Dextroamphetamine Sulfate,DEXTROAMPHETAMINE SULFATE,CO,3,375
2019,Dextroamphetamine Sulfate,ZENZEDI,CO,3,20
2019,Lisdexamfetamine Dimesylate,VYVANSE,CO,3,9251
2019,Methamphetamine Hydrochloride,METHAMPHETAMINE HCL,CO,3,20
2019,Amphetamine,ADZENYS XR ODT,CO,4,40
2019,Amphetamine Salt Combination,ADDERALL,CO,4,69
2019,Amphetamine Salt Combination,ADDERALL XR,CO,4,154
2019,Amphetamine Salt Combination,AMPHETAMINE SALT COMBO,CO,4,10412
2019,Amphetamine Salt Combination,DEXTROAMPH SACC-AMPH ASP-DEXTROAM SULF-AMPHET SULF,CO,4,429
2019,Amphetamine Salt Combination,MIXED AMPHETAMINE SALT,CO,4,2684
2019,Amphetamine Salt Combination,MIXED AMPHETAMINE SALTS,CO,4,5461
2019,Amphetamine Salt Combination,MYDAYIS,CO,4,16
2019,Dextroamphetamine Sulfate,DEXTROAMPHETAMINE SULFATE,CO,4,317
2019,Dextroamphetamine Sulfate,ZENZEDI,CO,4,20
2019,Lisdexamfetamine Dimesylate,VYVANSE,CO,4,8922
2019,Methamphetamine Hydrochloride,METHAMPHETAMINE HCL,CO,4,10
2019,Amphetamine,ADZENYS ER,FL,1,10
2019,Amphetamine,ADZENYS XR ODT,FL,1,2952
2019,Amphetamine Salt Combination,ADDERALL,FL,1,54
2019,Amphetamine Salt Combination,ADDERALL XR,FL,1,34568
2019,Amphetamine Salt Combination,AMPHETAMINE SALT COMBO,FL,1,29288
2019,Amphetamine Salt Combination,DEXTROAMPH SACC-AMPH ASP-DEXTROAM SULF-AMPHET SULF,FL,1,966
2019,Amphetamine Salt Combination,MIXED AMPHETAMINE SALT,FL,1,304
2019,Amphetamine Salt Combination,MIXED AMPHETAMINE SALTS,FL,1,972
2019,Amphetamine Salt Combination,MYDAYIS,FL,1,18
2019,Dextroamphetamine Sulfate,DEXEDRINE SPANSULE,FL,1,20
2019,Dextroamphetamine Sulfate,DEXTROAMPHETAMINE SULFATE,FL,1,796
2019,Dextroamphetamine Sulfate,ZENZEDI,FL,1,50
2019,Lisdexamfetamine Dimesylate,VYVANSE,FL,1,62880
2019,Methamphetamine Hydrochloride,METHAMPHETAMINE HCL,FL,1,10
2019,Amphetamine,ADZENYS ER,FL,2,10
2019,Amphetamine,ADZENYS XR ODT,FL,2,1551
2019,Amphetamine Salt Combination,ADDERALL,FL,2,64
2019,Amphetamine Salt Combination,ADDERALL XR,FL,2,16053
2019,Amphetamine Salt Combination,AMPHETAMINE SALT COMBO,FL,2,29006
2019,Amphetamine Salt Combination,DEXTROAMPH SACC-AMPH ASP-DEXTROAM SULF-AMPHET SULF,FL,2,869
2019,Amphetamine Salt Combination,MIXED AMPHETAMINE SALT,FL,2,1716
2019,Amphetamine Salt Combination,MIXED AMPHETAMINE SALTS,FL,2,11957
2019,Amphetamine Salt Combination,MYDAYIS,FL,2,17
2019,Dextroamphetamine Sulfate,DEXEDRINE SPANSULE,FL,2,20
2019,Dextroamphetamine Sulfate,DEXTROAMPHETAMINE SULFATE,FL,2,706
2019,Dextroamphetamine Sulfate,ZENZEDI,FL,2,40
2019,Lisdexamfetamine Dimesylate,VYVANSE,FL,2,58783
2019,Amphetamine,ADZENYS ER,FL,3,10
2019,Amphetamine,ADZENYS XR ODT,FL,3,965
2019,Amphetamine Salt Combination,ADDERALL,FL,3,70
2019,Amphetamine Salt Combination,ADDERALL XR,FL,3,921
2019,Amphetamine Salt Combination,AMPHETAMINE SALT COMBO,FL,3,27104
2019,Amphetamine Salt Combination,DEXTROAMPH SACC-AMPH ASP-DEXTROAM SULF-AMPHET SULF,FL,3,777
2019,Amphetamine Salt Combination,MIXED AMPHETAMINE SALT,FL,3,2398
2019,Amphetamine Salt Combination,MIXED AMPHETAMINE SALTS,FL,3,22516
2019,Amphetamine Salt Combination,MYDAYIS,FL,3,32
2019,Dextroamphetamine Sulfate,DEXEDRINE SPANSULE,FL,3,20
2019,Dextroamphetamine Sulfate,DEXTROAMPHETAMINE SULFATE,FL,3,680
2019,Dextroamphetamine Sulfate,ZENZEDI,FL,3,50
2019,Lisdexamfetamine Dimesylate,VYVANSE,FL,3,56063
2019,Amphetamine,ADZENYS ER,FL,4,10
2019,Amphetamine,ADZENYS XR ODT,FL,4,872
2019,Amphetamine Salt Combination,ADDERALL,FL,4,53
2019,Amphetamine Salt Combination,ADDERALL XR,FL,4,784
2019,Amphetamine Salt Combination,AMPHETAMINE SALT COMBO,FL,4,25428
2019,Amphetamine Salt Combination,DEXTROAMPH SACC-AMPH ASP-DEXTROAM SULF-AMPHET SULF,FL,4,828
2019,Amphetamine Salt Combination,MIXED AMPHETAMINE SALT,FL,4,2027
2019,Amphetamine Salt Combination,MIXED AMPHETAMINE SALTS,FL,4,23469
2019,Amphetamine Salt Combination,MYDAYIS,FL,4,19
2019,Dextroamphetamine Sulfate,DEXEDRINE SPANSULE,FL,4,10
2019,Dextroamphetamine Sulfate,DEXTROAMPHETAMINE SULFATE,FL,4,647
2019,Dextroamphetamine Sulfate,ZENZEDI,FL,4,60
2019,Lisdexamfetamine Dimesylate,VYVANSE,FL,4,59457
2019,Amphetamine,ADZENYS ER,MS,1,10
2019,Amphetamine,ADZENYS XR ODT,MS,1,719
2019,Amphetamine Salt Combination,ADDERALL,MS,1,40
2019,Amphetamine Salt Combination,ADDERALL XR,MS,1,165
2019,Amphetamine Salt Combination,AMPHETAMINE SALT COMBO,MS,1,7041
2019,Amphetamine Salt Combination,DEXTROAMPH SACC-AMPH ASP-DEXTROAM SULF-AMPHET SULF,MS,1,934
2019,Amphetamine Salt Combination,MIXED AMPHETAMINE SALT,MS,1,638
2019,Amphetamine Salt Combination,MIXED AMPHETAMINE SALTS,MS,1,4725
2019,Amphetamine Salt Combination,MYDAYIS,MS,1,28
2019,Dextroamphetamine Sulfate,DEXTROAMPHETAMINE SULFATE,MS,1,271
2019,Dextroamphetamine Sulfate,PROCENTRA,MS,1,1317
2019,Dextroamphetamine Sulfate,ZENZEDI,MS,1,30
2019,Lisdexamfetamine Dimesylate,VYVANSE,MS,1,23819
2019,Amphetamine,ADZENYS ER,MS,2,10
2019,Amphetamine,ADZENYS XR ODT,MS,2,592
2019,Amphetamine Salt Combination,ADDERALL,MS,2,40
2019,Amphetamine Salt Combination,ADDERALL XR,MS,2,148
2019,Amphetamine Salt Combination,AMPHETAMINE SALT COMBO,MS,2,6914
2019,Amphetamine Salt Combination,DEXTROAMPH SACC-AMPH ASP-DEXTROAM SULF-AMPHET SULF,MS,2,652
2019,Amphetamine Salt Combination,MIXED AMPHETAMINE SALT,MS,2,380
2019,Amphetamine Salt Combination,MIXED AMPHETAMINE SALTS,MS,2,4536
2019,Amphetamine Salt Combination,MYDAYIS,MS,2,20
2019,Dextroamphetamine Sulfate,DEXTROAMPHETAMINE SULFATE,MS,2,287
2019,Dextroamphetamine Sulfate,PROCENTRA,MS,2,1036
2019,Dextroamphetamine Sulfate,ZENZEDI,MS,2,10
2019,Lisdexamfetamine Dimesylate,VYVANSE,MS,2,20883
2019,Amphetamine,ADZENYS ER,MS,3,10
2019,Amphetamine,ADZENYS XR ODT,MS,3,585
2019,Amphetamine Salt Combination,ADDERALL,MS,3,30
2019,Amphetamine Salt Combination,ADDERALL XR,MS,3,122
2019,Amphetamine Salt Combination,AMPHETAMINE SALT COMBO,MS,3,7210
2019,Amphetamine Salt Combination,DEXTROAMPH SACC-AMPH ASP-DEXTROAM SULF-AMPHET SULF,MS,3,614
2019,Amphetamine Salt Combination,MIXED AMPHETAMINE SALT,MS,3,401
2019,Amphetamine Salt Combination,MIXED AMPHETAMINE SALTS,MS,3,5028
2019,Amphetamine Salt Combination,MYDAYIS,MS,3,20
2019,Dextroamphetamine Sulfate,DEXTROAMPHETAMINE SULFATE,MS,3,465
2019,Dextroamphetamine Sulfate,PROCENTRA,MS,3,984
2019,Dextroamphetamine Sulfate,ZENZEDI,MS,3,20
2019,Lisdexamfetamine Dimesylate,VYVANSE,MS,3,21733
2019,Amphetamine,ADZENYS ER,MS,4,10
2019,Amphetamine,ADZENYS XR ODT,MS,4,517
2019,Amphetamine Salt Combination,ADDERALL,MS,4,40
2019,Amphetamine Salt Combination,ADDERALL XR,MS,4,106
2019,Amphetamine Salt Combination,AMPHETAMINE SALT COMBO,MS,4,7317
2019,Amphetamine Salt Combination,DEXTROAMPH SACC-AMPH ASP-DEXTROAM SULF-AMPHET SULF,MS,4,614
2019,Amphetamine Salt Combination,MIXED AMPHETAMINE SALT,MS,4,381
2019,Amphetamine Salt Combination,MIXED AMPHETAMINE SALTS,MS,4,5191
2019,Amphetamine Salt Combination,MYDAYIS,MS,4,10
2019,Dextroamphetamine Sulfate,DEXTROAMPHETAMINE SULFATE,MS,4,613
2019,Dextroamphetamine Sulfate,PROCENTRA,MS,4,1117
2019,Dextroamphetamine Sulfate,ZENZEDI,MS,4,30
2019,Lisdexamfetamine Dimesylate,VYVANSE,MS,4,22726
2019,Amphetamine,ADZENYS ER,SC,1,10
2019,Amphetamine,ADZENYS XR ODT,SC,1,120
2019,Amphetamine Salt Combination,ADDERALL,SC,1,60
2019,Amphetamine Salt Combination,ADDERALL XR,SC,1,1749
2019,Amphetamine Salt Combination,AMPHETAMINE SALT COMBO,SC,1,17188
2019,Amphetamine Salt Combination,DEXTROAMPH SACC-AMPH ASP-DEXTROAM SULF-AMPHET SULF,SC,1,2371
2019,Amphetamine Salt Combination,MIXED AMPHETAMINE SALT,SC,1,1747
2019,Amphetamine Salt Combination,MIXED AMPHETAMINE SALTS,SC,1,13343
2019,Amphetamine Salt Combination,MYDAYIS,SC,1,33
2019,Dextroamphetamine Sulfate,DEXTROAMPHETAMINE SULFATE,SC,1,631
2019,Dextroamphetamine Sulfate,PROCENTRA,SC,1,10
2019,Dextroamphetamine Sulfate,ZENZEDI,SC,1,10
2019,Lisdexamfetamine Dimesylate,VYVANSE,SC,1,23689
2019,Methamphetamine Hydrochloride,METHAMPHETAMINE HCL,SC,1,10
2019,Amphetamine,ADZENYS ER,SC,2,10
2019,Amphetamine,ADZENYS XR ODT,SC,2,126
2019,Amphetamine Salt Combination,ADDERALL,SC,2,40
2019,Amphetamine Salt Combination,ADDERALL XR,SC,2,1587
2019,Amphetamine Salt Combination,AMPHETAMINE SALT COMBO,SC,2,17509
2019,Amphetamine Salt Combination,DEXTROAMPH SACC-AMPH ASP-DEXTROAM SULF-AMPHET SULF,SC,2,1307
2019,Amphetamine Salt Combination,MIXED AMPHETAMINE SALT,SC,2,1149
2019,Amphetamine Salt Combination,MIXED AMPHETAMINE SALTS,SC,2,12693
2019,Amphetamine Salt Combination,MYDAYIS,SC,2,25
2019,Dextroamphetamine Sulfate,DEXTROAMPHETAMINE SULFATE,SC,2,594
2019,Dextroamphetamine Sulfate,PROCENTRA,SC,2,10
2019,Dextroamphetamine Sulfate,ZENZEDI,SC,2,20
2019,Lisdexamfetamine Dimesylate,VYVANSE,SC,2,21434
2019,Methamphetamine Hydrochloride,METHAMPHETAMINE HCL,SC,2,10
2019,Amphetamine,ADZENYS ER,SC,3,10
2019,Amphetamine,ADZENYS XR ODT,SC,3,120
2019,Amphetamine Salt Combination,ADDERALL,SC,3,40
2019,Amphetamine Salt Combination,ADDERALL XR,SC,3,848
2019,Amphetamine Salt Combination,AMPHETAMINE SALT COMBO,SC,3,16305
2019,Amphetamine Salt Combination,DEXTROAMPH SACC-AMPH ASP-DEXTROAM SULF-AMPHET SULF,SC,3,1025
2019,Amphetamine Salt Combination,MIXED AMPHETAMINE SALT,SC,3,1044
2019,Amphetamine Salt Combination,MIXED AMPHETAMINE SALTS,SC,3,12930
2019,Amphetamine Salt Combination,MYDAYIS,SC,3,36
2019,Dextroamphetamine Sulfate,DEXEDRINE SPANSULE,SC,3,10
2019,Dextroamphetamine Sulfate,DEXTROAMPHETAMINE SULFATE,SC,3,545
2019,Dextroamphetamine Sulfate,PROCENTRA,SC,3,10
2019,Dextroamphetamine Sulfate,ZENZEDI,SC,3,20
2019,Lisdexamfetamine Dimesylate,VYVANSE,SC,3,18830
2019,Amphetamine,ADZENYS ER,SC,4,10
2019,Amphetamine,ADZENYS XR ODT,SC,4,150
2019,Amphetamine Salt Combination,ADDERALL,SC,4,40
2019,Amphetamine Salt Combination,ADDERALL XR,SC,4,235
2019,Amphetamine Salt Combination,AMPHETAMINE SALT COMBO,SC,4,15167
2019,Amphetamine Salt Combination,DEXTROAMPH SACC-AMPH ASP-DEXTROAM SULF-AMPHET SULF,SC,4,1283
2019,Amphetamine Salt Combination,MIXED AMPHETAMINE SALT,SC,4,1014
2019,Amphetamine Salt Combination,MIXED AMPHETAMINE SALTS,SC,4,15729
2019,Amphetamine Salt Combination,MYDAYIS,SC,4,54
2019,Dextroamphetamine Sulfate,DEXEDRINE SPANSULE,SC,4,10
2019,Dextroamphetamine Sulfate,DEXTROAMPHETAMINE SULFATE,SC,4,619
2019,Dextroamphetamine Sulfate,PROCENTRA,SC,4,10
2019,Dextroamphetamine Sulfate,ZENZEDI,SC,4,20
2019,Lisdexamfetamine Dimesylate,VYVANSE,SC,4,23864
2019,Amphetamine,ADZENYS ER,TN,1,10
2019,Amphetamine,ADZENYS XR ODT,TN,1,374
2019,Amphetamine Salt Combination,ADDERALL,TN,1,20
2019,Amphetamine Salt Combination,ADDERALL XR,TN,1,16597
2019,Amphetamine Salt Combination,AMPHETAMINE SALT COMBO,TN,1,9513
2019,Amphetamine Salt Combination,DEXTROAMPH SACC-AMPH ASP-DEXTROAM SULF-AMPHET SULF,TN,1,589
2019,Amphetamine Salt Combination,MIXED AMPHETAMINE SALT,TN,1,48
2019,Amphetamine Salt Combination,MIXED AMPHETAMINE SALTS,TN,1,1194
2019,Amphetamine Salt Combination,MYDAYIS,TN,1,118
2019,Dextroamphetamine Sulfate,DEXTROAMPHETAMINE SULFATE,TN,1,383
2019,Dextroamphetamine Sulfate,PROCENTRA,TN,1,651
2019,Dextroamphetamine Sulfate,ZENZEDI,TN,1,20
2019,Lisdexamfetamine Dimesylate,VYVANSE,TN,1,29682
2019,Amphetamine,ADZENYS ER,TN,2,10
2019,Amphetamine,ADZENYS XR ODT,TN,2,396
2019,Amphetamine Salt Combination,ADDERALL,TN,2,20
2019,Amphetamine Salt Combination,ADDERALL XR,TN,2,2534
2019,Amphetamine Salt Combination,AMPHETAMINE SALT COMBO,TN,2,9254
2019,Amphetamine Salt Combination,DEXTROAMPH SACC-AMPH ASP-DEXTROAM SULF-AMPHET SULF,TN,2,643
2019,Amphetamine Salt Combination,MIXED AMPHETAMINE SALT,TN,2,717
2019,Amphetamine Salt Combination,MIXED AMPHETAMINE SALTS,TN,2,10080
2019,Amphetamine Salt Combination,MYDAYIS,TN,2,92
2019,Dextroamphetamine Sulfate,DEXTROAMPHETAMINE SULFATE,TN,2,335
2019,Dextroamphetamine Sulfate,PROCENTRA,TN,2,613
2019,Dextroamphetamine Sulfate,ZENZEDI,TN,2,20
2019,Lisdexamfetamine Dimesylate,VYVANSE,TN,2,28083
2019,Amphetamine,ADZENYS ER,TN,3,10
2019,Amphetamine,ADZENYS XR ODT,TN,3,355
2019,Amphetamine Salt Combination,ADDERALL,TN,3,10
2019,Amphetamine Salt Combination,ADDERALL XR,TN,3,66
2019,Amphetamine Salt Combination,AMPHETAMINE SALT COMBO,TN,3,8787
2019,Amphetamine Salt Combination,DEXTROAMPH SACC-AMPH ASP-DEXTROAM SULF-AMPHET SULF,TN,3,499
2019,Amphetamine Salt Combination,MIXED AMPHETAMINE SALT,TN,3,775
2019,Amphetamine Salt Combination,MIXED AMPHETAMINE SALTS,TN,3,11520
2019,Amphetamine Salt Combination,MYDAYIS,TN,3,94
2019,Dextroamphetamine Sulfate,DEXTROAMPHETAMINE SULFATE,TN,3,316
2019,Dextroamphetamine Sulfate,PROCENTRA,TN,3,588
2019,Dextroamphetamine Sulfate,ZENZEDI,TN,3,30
2019,Lisdexamfetamine Dimesylate,VYVANSE,TN,3,26504
2019,Amphetamine,ADZENYS XR ODT,TN,4,392
2019,Amphetamine Salt Combination,ADDERALL,TN,4,20
2019,Amphetamine Salt Combination,ADDERALL XR,TN,4,54
2019,Amphetamine Salt Combination,AMPHETAMINE SALT COMBO,TN,4,9165
2019,Amphetamine Salt Combination,DEXTROAMPH SACC-AMPH ASP-DEXTROAM SULF-AMPHET SULF,TN,4,465
2019,Amphetamine Salt Combination,MIXED AMPHETAMINE SALT,TN,4,846
2019,Amphetamine Salt Combination,MIXED AMPHETAMINE SALTS,TN,4,11849
2019,Amphetamine Salt Combination,MYDAYIS,TN,4,128
2019,Dextroamphetamine Sulfate,DEXTROAMPHETAMINE SULFATE,TN,4,372
2019,Dextroamphetamine Sulfate,PROCENTRA,TN,4,675
2019,Dextroamphetamine Sulfate,ZENZEDI,TN,4,30
2019,Lisdexamfetamine Dimesylate,VYVANSE,TN,4,28631
2020,Amphetamine,ADZENYS XR ODT,CO,1,50
2020,Amphetamine Salt Combination,ADDERALL,CO,1,60
2020,Amphetamine Salt Combination,ADDERALL XR,CO,1,224
2020,Amphetamine Salt Combination,AMPHETAMINE SALT COMBO,CO,1,11665
2020,Amphetamine Salt Combination,DEXTROAMPH SACC-AMPH ASP-DEXTROAM SULF-AMPHET SULF,CO,1,674
2020,Amphetamine Salt Combination,MIXED AMPHETAMINE SALT,CO,1,2579
2020,Amphetamine Salt Combination,MIXED AMPHETAMINE SALTS,CO,1,5062
2020,Amphetamine Salt Combination,MYDAYIS,CO,1,17
2020,Dextroamphetamine Sulfate,DEXEDRINE SPANSULE,CO,1,10
2020,Dextroamphetamine Sulfate,DEXTROAMPHETAMINE SULFATE,CO,1,317
2020,Dextroamphetamine Sulfate,ZENZEDI,CO,1,10
2020,Lisdexamfetamine Dimesylate,VYVANSE,CO,1,9346
2020,Methamphetamine Hydrochloride,METHAMPHETAMINE HCL,CO,1,20
2020,Amphetamine,ADZENYS XR ODT,CO,2,60
2020,Amphetamine Salt Combination,ADDERALL,CO,2,54
2020,Amphetamine Salt Combination,ADDERALL XR,CO,2,209
2020,Amphetamine Salt Combination,AMPHETAMINE SALT COMBO,CO,2,5830
2020,Amphetamine Salt Combination,DEXTROAMPH SACC-AMPH ASP-DEXTROAM SULF-AMPHET SULF,CO,2,723
2020,Amphetamine Salt Combination,MIXED AMPHETAMINE SALT,CO,2,2404
2020,Amphetamine Salt Combination,MIXED AMPHETAMINE SALTS,CO,2,4656
2020,Amphetamine Salt Combination,MYDAYIS,CO,2,21
2020,Dextroamphetamine Sulfate,DEXTROAMPHETAMINE SULFATE,CO,2,279
2020,Dextroamphetamine Sulfate,ZENZEDI,CO,2,20
2020,Lisdexamfetamine Dimesylate,VYVANSE,CO,2,8683
2020,Methamphetamine Hydrochloride,METHAMPHETAMINE HCL,CO,2,20
2020,Amphetamine,ADZENYS XR ODT,CO,3,50
2020,Amphetamine Salt Combination,ADDERALL,CO,3,57
2020,Amphetamine Salt Combination,ADDERALL XR,CO,3,388
2020,Amphetamine Salt Combination,AMPHETAMINE SALT COMBO,CO,3,4578
2020,Amphetamine Salt Combination,DEXTROAMPH SACC-AMPH ASP-DEXTROAM SULF-AMPHET SULF,CO,3,526
2020,Amphetamine Salt Combination,MIXED AMPHETAMINE SALT,CO,3,2343
2020,Amphetamine Salt Combination,MIXED AMPHETAMINE SALTS,CO,3,5030
2020,Amphetamine Salt Combination,MYDAYIS,CO,3,18
2020,Dextroamphetamine Sulfate,DEXEDRINE SPANSULE,CO,3,10
2020,Dextroamphetamine Sulfate,DEXTROAMPHETAMINE SULFATE,CO,3,262
2020,Dextroamphetamine Sulfate,ZENZEDI,CO,3,20
2020,Lisdexamfetamine Dimesylate,VYVANSE,CO,3,9420
2020,Methamphetamine Hydrochloride,METHAMPHETAMINE HCL,CO,3,20
2020,Amphetamine,ADZENYS XR ODT,CO,4,30
2020,Amphetamine Salt Combination,ADDERALL,CO,4,59
2020,Amphetamine Salt Combination,ADDERALL XR,CO,4,11872
2020,Amphetamine Salt Combination,AMPHETAMINE SALT COMBO,CO,4,4022
2020,Amphetamine Salt Combination,DEXTROAMPH SACC-AMPH ASP-DEXTROAM SULF-AMPHET SULF,CO,4,329
2020,Amphetamine Salt Combination,MIXED AMPHETAMINE SALT,CO,4,200
2020,Amphetamine Salt Combination,MIXED AMPHETAMINE SALTS,CO,4,2903
2020,Amphetamine Salt Combination,MYDAYIS,CO,4,10
2020,Dextroamphetamine Sulfate,DEXEDRINE SPANSULE,CO,4,20
2020,Dextroamphetamine Sulfate,DEXTROAMPHETAMINE SULFATE,CO,4,260
2020,Dextroamphetamine Sulfate,ZENZEDI,CO,4,30
2020,Lisdexamfetamine Dimesylate,VYVANSE,CO,4,10050
2020,Methamphetamine Hydrochloride,METHAMPHETAMINE HCL,CO,4,20
2020,Amphetamine,ADZENYS ER,FL,1,10
2020,Amphetamine,ADZENYS XR ODT,FL,1,788
2020,Amphetamine Salt Combination,ADDERALL,FL,1,70
2020,Amphetamine Salt Combination,ADDERALL XR,FL,1,745
2020,Amphetamine Salt Combination,AMPHETAMINE SALT COMBO,FL,1,25254
2020,Amphetamine Salt Combination,DEXTROAMPH SACC-AMPH ASP-DEXTROAM SULF-AMPHET SULF,FL,1,1142
2020,Amphetamine Salt Combination,MIXED AMPHETAMINE SALT,FL,1,1569
2020,Amphetamine Salt Combination,MIXED AMPHETAMINE SALTS,FL,1,23078
2020,Amphetamine Salt Combination,MYDAYIS,FL,1,10
2020,Dextroamphetamine Sulfate,DEXEDRINE SPANSULE,FL,1,10
2020,Dextroamphetamine Sulfate,DEXTROAMPHETAMINE SULFATE,FL,1,683
2020,Dextroamphetamine Sulfate,ZENZEDI,FL,1,60
2020,Lisdexamfetamine Dimesylate,VYVANSE,FL,1,60239
2020,Methamphetamine Hydrochloride,METHAMPHETAMINE HCL,FL,1,10
2020,Amphetamine,ADZENYS ER,FL,2,10
2020,Amphetamine,ADZENYS XR ODT,FL,2,603
2020,Amphetamine Salt Combination,ADDERALL,FL,2,50
2020,Amphetamine Salt Combination,ADDERALL XR,FL,2,603
2020,Amphetamine Salt Combination,AMPHETAMINE SALT COMBO,FL,2,21971
2020,Amphetamine Salt Combination,DEXTROAMPH SACC-AMPH ASP-DEXTROAM SULF-AMPHET SULF,FL,2,1594
2020,Amphetamine Salt Combination,MIXED AMPHETAMINE SALT,FL,2,1385
2020,Amphetamine Salt Combination,MIXED AMPHETAMINE SALTS,FL,2,16631
2020,Amphetamine Salt Combination,MYDAYIS,FL,2,10
2020,Dextroamphetamine Sulfate,DEXTROAMPHETAMINE SULFATE,FL,2,547
2020,Dextroamphetamine Sulfate,ZENZEDI,FL,2,50
2020,Lisdexamfetamine Dimesylate,VYVANSE,FL,2,48557
2020,Methamphetamine Hydrochloride,METHAMPHETAMINE HCL,FL,2,20
2020,Amphetamine,ADZENYS ER,FL,3,10
2020,Amphetamine,ADZENYS XR ODT,FL,3,560
2020,Amphetamine Salt Combination,ADDERALL,FL,3,66
2020,Amphetamine Salt Combination,ADDERALL XR,FL,3,3494
2020,Amphetamine Salt Combination,AMPHETAMINE SALT COMBO,FL,3,21952
2020,Amphetamine Salt Combination,DEXTROAMPH SACC-AMPH ASP-DEXTROAM SULF-AMPHET SULF,FL,3,1017
2020,Amphetamine Salt Combination,MIXED AMPHETAMINE SALT,FL,3,882
2020,Amphetamine Salt Combination,MIXED AMPHETAMINE SALTS,FL,3,14297
2020,Amphetamine Salt Combination,MYDAYIS,FL,3,10
2020,Dextroamphetamine Sulfate,DEXTROAMPHETAMINE SULFATE,FL,3,571
2020,Dextroamphetamine Sulfate,ZENZEDI,FL,3,50
2020,Lisdexamfetamine Dimesylate,VYVANSE,FL,3,48837
2020,Methamphetamine Hydrochloride,METHAMPHETAMINE HCL,FL,3,10
2020,Amphetamine,ADZENYS ER,FL,4,10
2020,Amphetamine,ADZENYS XR ODT,FL,4,545
2020,Amphetamine Salt Combination,ADDERALL,FL,4,60
2020,Amphetamine Salt Combination,ADDERALL XR,FL,4,19599
2020,Amphetamine Salt Combination,AMPHETAMINE SALT COMBO,FL,4,20413
2020,Amphetamine Salt Combination,DEXTROAMPH SACC-AMPH ASP-DEXTROAM SULF-AMPHET SULF,FL,4,553
2020,Amphetamine Salt Combination,MIXED AMPHETAMINE SALT,FL,4,194
2020,Amphetamine Salt Combination,MIXED AMPHETAMINE SALTS,FL,4,8201
2020,Amphetamine Salt Combination,MYDAYIS,FL,4,10
2020,Dextroamphetamine Sulfate,DEXEDRINE SPANSULE,FL,4,10
2020,Dextroamphetamine Sulfate,DEXTROAMPHETAMINE SULFATE,FL,4,645
2020,Dextroamphetamine Sulfate,ZENZEDI,FL,4,40
2020,Lisdexamfetamine Dimesylate,VYVANSE,FL,4,53956
2020,Methamphetamine Hydrochloride,METHAMPHETAMINE HCL,FL,4,10
2020,Amphetamine,ADZENYS ER,MS,1,10
2020,Amphetamine,ADZENYS XR ODT,MS,1,481
2020,Amphetamine Salt Combination,ADDERALL,MS,1,30
2020,Amphetamine Salt Combination,ADDERALL XR,MS,1,149
2020,Amphetamine Salt Combination,AMPHETAMINE SALT COMBO,MS,1,7146
2020,Amphetamine Salt Combination,DEXTROAMPH SACC-AMPH ASP-DEXTROAM SULF-AMPHET SULF,MS,1,784
2020,Amphetamine Salt Combination,MIXED AMPHETAMINE SALT,MS,1,343
2020,Amphetamine Salt Combination,MIXED AMPHETAMINE SALTS,MS,1,4897
2020,Amphetamine Salt Combination,MYDAYIS,MS,1,10
2020,Dextroamphetamine Sulfate,DEXTROAMPHETAMINE SULFATE,MS,1,648
2020,Dextroamphetamine Sulfate,PROCENTRA,MS,1,1072
2020,Dextroamphetamine Sulfate,ZENZEDI,MS,1,20
2020,Lisdexamfetamine Dimesylate,VYVANSE,MS,1,22438
2020,Amphetamine,ADZENYS XR ODT,MS,2,353
2020,Amphetamine Salt Combination,ADDERALL,MS,2,20
2020,Amphetamine Salt Combination,ADDERALL XR,MS,2,110
2020,Amphetamine Salt Combination,AMPHETAMINE SALT COMBO,MS,2,6071
2020,Amphetamine Salt Combination,DEXTROAMPH SACC-AMPH ASP-DEXTROAM SULF-AMPHET SULF,MS,2,644
2020,Amphetamine Salt Combination,MIXED AMPHETAMINE SALT,MS,2,243
2020,Amphetamine Salt Combination,MIXED AMPHETAMINE SALTS,MS,2,3635
2020,Amphetamine Salt Combination,MYDAYIS,MS,2,10
2020,Dextroamphetamine Sulfate,DEXTROAMPHETAMINE SULFATE,MS,2,513
2020,Dextroamphetamine Sulfate,PROCENTRA,MS,2,737
2020,Dextroamphetamine Sulfate,ZENZEDI,MS,2,30
2020,Lisdexamfetamine Dimesylate,VYVANSE,MS,2,16167
2020,Amphetamine,ADZENYS ER,MS,3,10
2020,Amphetamine,ADZENYS XR ODT,MS,3,367
2020,Amphetamine Salt Combination,ADDERALL,MS,3,30
2020,Amphetamine Salt Combination,ADDERALL XR,MS,3,81
2020,Amphetamine Salt Combination,AMPHETAMINE SALT COMBO,MS,3,6449
2020,Amphetamine Salt Combination,DEXTROAMPH SACC-AMPH ASP-DEXTROAM SULF-AMPHET SULF,MS,3,656
2020,Amphetamine Salt Combination,MIXED AMPHETAMINE SALT,MS,3,246
2020,Amphetamine Salt Combination,MIXED AMPHETAMINE SALTS,MS,3,3529
2020,Amphetamine Salt Combination,MYDAYIS,MS,3,20
2020,Dextroamphetamine Sulfate,DEXTROAMPHETAMINE SULFATE,MS,3,613
2020,Dextroamphetamine Sulfate,PROCENTRA,MS,3,795
2020,Dextroamphetamine Sulfate,ZENZEDI,MS,3,10
2020,Lisdexamfetamine Dimesylate,VYVANSE,MS,3,18009
2020,Amphetamine,ADZENYS ER,MS,4,10
2020,Amphetamine,ADZENYS XR ODT,MS,4,336
2020,Amphetamine Salt Combination,ADDERALL,MS,4,10
2020,Amphetamine Salt Combination,ADDERALL XR,MS,4,91
2020,Amphetamine Salt Combination,AMPHETAMINE SALT COMBO,MS,4,6830
2020,Amphetamine Salt Combination,DEXTROAMPH SACC-AMPH ASP-DEXTROAM SULF-AMPHET SULF,MS,4,1175
2020,Amphetamine Salt Combination,MIXED AMPHETAMINE SALT,MS,4,227
2020,Amphetamine Salt Combination,MIXED AMPHETAMINE SALTS,MS,4,2804
2020,Amphetamine Salt Combination,MYDAYIS,MS,4,10
2020,Dextroamphetamine Sulfate,DEXTROAMPHETAMINE SULFATE,MS,4,720
2020,Dextroamphetamine Sulfate,PROCENTRA,MS,4,845
2020,Dextroamphetamine Sulfate,ZENZEDI,MS,4,20
2020,Lisdexamfetamine Dimesylate,VYVANSE,MS,4,19082
2020,Amphetamine,ADZENYS ER,SC,1,10
2020,Amphetamine,ADZENYS XR ODT,SC,1,150
2020,Amphetamine Salt Combination,ADDERALL,SC,1,40
2020,Amphetamine Salt Combination,ADDERALL XR,SC,1,168
2020,Amphetamine Salt Combination,AMPHETAMINE SALT COMBO,SC,1,14821
2020,Amphetamine Salt Combination,DEXTROAMPH SACC-AMPH ASP-DEXTROAM SULF-AMPHET SULF,SC,1,2019
2020,Amphetamine Salt Combination,MIXED AMPHETAMINE SALT,SC,1,842
2020,Amphetamine Salt Combination,MIXED AMPHETAMINE SALTS,SC,1,15565
2020,Amphetamine Salt Combination,MYDAYIS,SC,1,60
2020,Dextroamphetamine Sulfate,DEXTROAMPHETAMINE SULFATE,SC,1,636
2020,Dextroamphetamine Sulfate,PROCENTRA,SC,1,10
2020,Dextroamphetamine Sulfate,ZENZEDI,SC,1,50
2020,Lisdexamfetamine Dimesylate,VYVANSE,SC,1,23813
2020,Amphetamine,ADZENYS XR ODT,SC,2,134
2020,Amphetamine Salt Combination,ADDERALL,SC,2,40
2020,Amphetamine Salt Combination,ADDERALL XR,SC,2,135
2020,Amphetamine Salt Combination,AMPHETAMINE SALT COMBO,SC,2,12800
2020,Amphetamine Salt Combination,DEXTROAMPH SACC-AMPH ASP-DEXTROAM SULF-AMPHET SULF,SC,2,2052
2020,Amphetamine Salt Combination,MIXED AMPHETAMINE SALT,SC,2,887
2020,Amphetamine Salt Combination,MIXED AMPHETAMINE SALTS,SC,2,10455
2020,Amphetamine Salt Combination,MYDAYIS,SC,2,46
2020,Dextroamphetamine Sulfate,DEXTROAMPHETAMINE SULFATE,SC,2,488
2020,Dextroamphetamine Sulfate,PROCENTRA,SC,2,10
2020,Dextroamphetamine Sulfate,ZENZEDI,SC,2,20
2020,Lisdexamfetamine Dimesylate,VYVANSE,SC,2,18451
2020,Amphetamine,ADZENYS XR ODT,SC,3,118
2020,Amphetamine Salt Combination,ADDERALL,SC,3,30
2020,Amphetamine Salt Combination,ADDERALL XR,SC,3,875
2020,Amphetamine Salt Combination,AMPHETAMINE SALT COMBO,SC,3,9334
2020,Amphetamine Salt Combination,DEXTROAMPH SACC-AMPH ASP-DEXTROAM SULF-AMPHET SULF,SC,3,996
2020,Amphetamine Salt Combination,MIXED AMPHETAMINE SALT,SC,3,467
2020,Amphetamine Salt Combination,MIXED AMPHETAMINE SALTS,SC,3,7106
2020,Amphetamine Salt Combination,MYDAYIS,SC,3,41
2020,Dextroamphetamine Sulfate,DEXTROAMPHETAMINE SULFATE,SC,3,421
2020,Dextroamphetamine Sulfate,ZENZEDI,SC,3,20
2020,Lisdexamfetamine Dimesylate,VYVANSE,SC,3,14193
2020,Amphetamine,ADZENYS XR ODT,SC,4,110
2020,Amphetamine Salt Combination,ADDERALL,SC,4,10
2020,Amphetamine Salt Combination,ADDERALL XR,SC,4,1066
2020,Amphetamine Salt Combination,AMPHETAMINE SALT COMBO,SC,4,5551
2020,Amphetamine Salt Combination,DEXTROAMPH SACC-AMPH ASP-DEXTROAM SULF-AMPHET SULF,SC,4,1086
2020,Amphetamine Salt Combination,MIXED AMPHETAMINE SALT,SC,4,159
2020,Amphetamine Salt Combination,MIXED AMPHETAMINE SALTS,SC,4,3828
2020,Amphetamine Salt Combination,MYDAYIS,SC,4,34
2020,Dextroamphetamine Sulfate,DEXTROAMPHETAMINE SULFATE,SC,4,371
2020,Dextroamphetamine Sulfate,PROCENTRA,SC,4,10
2020,Dextroamphetamine Sulfate,ZENZEDI,SC,4,10
2020,Lisdexamfetamine Dimesylate,VYVANSE,SC,4,10374
2020,Amphetamine,ADZENYS ER,TN,1,10
2020,Amphetamine,ADZENYS XR ODT,TN,1,363
2020,Amphetamine Salt Combination,ADDERALL,TN,1,55
2020,Amphetamine Salt Combination,ADDERALL XR,TN,1,96
2020,Amphetamine Salt Combination,AMPHETAMINE SALT COMBO,TN,1,9323
2020,Amphetamine Salt Combination,DEXTROAMPH SACC-AMPH ASP-DEXTROAM SULF-AMPHET SULF,TN,1,766
2020,Amphetamine Salt Combination,MIXED AMPHETAMINE SALT,TN,1,769
2020,Amphetamine Salt Combination,MIXED AMPHETAMINE SALTS,TN,1,11012
2020,Amphetamine Salt Combination,MYDAYIS,TN,1,137
2020,Dextroamphetamine Sulfate,DEXTROAMPHETAMINE SULFATE,TN,1,564
2020,Dextroamphetamine Sulfate,PROCENTRA,TN,1,286
2020,Dextroamphetamine Sulfate,ZENZEDI,TN,1,50
2020,Lisdexamfetamine Dimesylate,VYVANSE,TN,1,28564
2020,Methamphetamine Hydrochloride,METHAMPHETAMINE HCL,TN,1,10
2020,Amphetamine,ADZENYS ER,TN,2,10
2020,Amphetamine,ADZENYS XR ODT,TN,2,324
2020,Amphetamine Salt Combination,ADDERALL,TN,2,87
2020,Amphetamine Salt Combination,ADDERALL XR,TN,2,122
2020,Amphetamine Salt Combination,AMPHETAMINE SALT COMBO,TN,2,8392
2020,Amphetamine Salt Combination,DEXTROAMPH SACC-AMPH ASP-DEXTROAM SULF-AMPHET SULF,TN,2,837
2020,Amphetamine Salt Combination,MIXED AMPHETAMINE SALT,TN,2,565
2020,Amphetamine Salt Combination,MIXED AMPHETAMINE SALTS,TN,2,9106
2020,Amphetamine Salt Combination,MYDAYIS,TN,2,103
2020,Dextroamphetamine Sulfate,DEXEDRINE SPANSULE,TN,2,10
2020,Dextroamphetamine Sulfate,DEXTROAMPHETAMINE SULFATE,TN,2,480
2020,Dextroamphetamine Sulfate,PROCENTRA,TN,2,133
2020,Dextroamphetamine Sulfate,ZENZEDI,TN,2,40
2020,Lisdexamfetamine Dimesylate,VYVANSE,TN,2,23288
2020,Methamphetamine Hydrochloride,METHAMPHETAMINE HCL,TN,2,10
2020,Amphetamine,ADZENYS ER,TN,3,10
2020,Amphetamine,ADZENYS XR ODT,TN,3,301
2020,Amphetamine Salt Combination,ADDERALL,TN,3,99
2020,Amphetamine Salt Combination,ADDERALL XR,TN,3,131
2020,Amphetamine Salt Combination,AMPHETAMINE SALT COMBO,TN,3,8483
2020,Amphetamine Salt Combination,DEXTROAMPH SACC-AMPH ASP-DEXTROAM SULF-AMPHET SULF,TN,3,576
2020,Amphetamine Salt Combination,MIXED AMPHETAMINE SALT,TN,3,566
2020,Amphetamine Salt Combination,MIXED AMPHETAMINE SALTS,TN,3,8680
2020,Amphetamine Salt Combination,MYDAYIS,TN,3,88
2020,Dextroamphetamine Sulfate,DEXEDRINE SPANSULE,TN,3,10
2020,Dextroamphetamine Sulfate,DEXTROAMPHETAMINE SULFATE,TN,3,540
2020,Dextroamphetamine Sulfate,PROCENTRA,TN,3,74
2020,Dextroamphetamine Sulfate,ZENZEDI,TN,3,30
2020,Lisdexamfetamine Dimesylate,VYVANSE,TN,3,23854
2020,Methamphetamine Hydrochloride,METHAMPHETAMINE HCL,TN,3,20
2020,Amphetamine,ADZENYS ER,TN,4,10
2020,Amphetamine,ADZENYS XR ODT,TN,4,317
2020,Amphetamine Salt Combination,ADDERALL,TN,4,118
2020,Amphetamine Salt Combination,ADDERALL XR,TN,4,156
2020,Amphetamine Salt Combination,AMPHETAMINE SALT COMBO,TN,4,8874
2020,Amphetamine Salt Combination,DEXTROAMPH SACC-AMPH ASP-DEXTROAM SULF-AMPHET SULF,TN,4,2334
2020,Amphetamine Salt Combination,MIXED AMPHETAMINE SALT,TN,4,351
2020,Amphetamine Salt Combination,MIXED AMPHETAMINE SALTS,TN,4,7344
2020,Amphetamine Salt Combination,MYDAYIS,TN,4,112
2020,Dextroamphetamine Sulfate,DEXTROAMPHETAMINE SULFATE,TN,4,612
2020,Dextroamphetamine Sulfate,PROCENTRA,TN,4,63
2020,Dextroamphetamine Sulfate,ZENZEDI,TN,4,40
2020,Lisdexamfetamine Dimesylate,VYVANSE,TN,4,26794
2020,Methamphetamine Hydrochloride,METHAMPHETAMINE HCL,TN,4,20
